episode,score,return,success,avg_score,avg_return,success_rate
1,-458.324347151201,-237.1356214872927,False,-458.324347151201,-237.1356214872927,0.0
2,-260.57688091640296,-131.9673965041847,False,-359.45061403380197,-184.5515089957387,0.0
3,-186.01420085557325,-110.08847428190622,False,-301.63847630772574,-159.7304974244612,0.0
4,-148.6399988196219,-94.04161497455742,False,-263.3888569356998,-143.30827681198525,0.0
5,-176.9988633623298,-89.69874133990953,False,-246.11085822102578,-132.5863697175701,0.0
6,-138.78334687675863,-54.662101748727956,False,-228.2229396636479,-119.59899172276307,0.0
7,-333.82840519585073,-196.79144464260338,False,-243.30943473967687,-130.62648499702598,0.0
8,-215.4675555004481,-88.2508020660446,False,-239.8291998347733,-125.32952463065331,0.0
9,-276.5169851436862,-147.68630407554843,False,-243.9056204246525,-127.81361123564164,0.0
10,-352.7235469953505,-139.27502853765466,False,-254.7874130817223,-128.95975296584294,0.0
11,-286.36408056549936,-104.11912280988446,False,-257.65801921661114,-126.70151386075581,0.0
12,-219.89043276179638,-74.79116337386915,False,-254.5107203453766,-122.37565132018192,0.0
13,-122.18158609874178,-61.230477252569536,False,-244.33155617255852,-117.67217639190403,0.0
14,-61.184752261966814,-26.708469495748297,False,-231.24964160751625,-111.17476875646433,0.0
15,-199.55085782328104,-90.51172777243363,False,-229.13638935523392,-109.79723269086229,0.0
16,-84.26021888811007,-42.17506913483991,False,-220.08162870103865,-105.5708474686109,0.0
17,-252.22758171569004,-123.06751978032693,False,-221.9725671136652,-106.60006348694714,0.0
18,-267.77728969960924,-116.63307959568496,False,-224.51727392399545,-107.1574532707659,0.0
19,-383.5794378121125,-210.9540678527311,False,-232.88896676021213,-112.62043298560617,0.0
20,-137.4528681239452,-55.876135227335084,False,-228.11716182839876,-109.78321809769261,0.0
21,-199.0551236448141,-63.750731940483504,False,-226.7332552482281,-107.59119494734932,0.0
22,-74.26695477065138,-37.97025546938079,False,-219.8029688628837,-104.42660678925985,0.0
23,-270.07498573373954,-151.73451688774105,False,-221.98870872683395,-106.48347244571555,0.0
24,-246.17245118344383,-117.46248119417014,False,-222.99636466252602,-106.94093114356785,0.0
25,-87.2505910243846,-45.470521752802995,False,-217.56653371700034,-104.48211476793726,0.0
26,-251.0978871360376,-107.40653146433745,False,-218.8562011561941,-104.59459233318343,0.0
27,-76.78621279936877,-39.399027725234625,False,-213.59434973557092,-102.17994179214828,0.0
28,-141.8036427616841,-60.03195861853885,False,-211.03039591507496,-100.67465667880508,0.0
29,-61.49801642859076,-12.955493387983477,False,-205.87410696726516,-97.64985794463882,0.0
30,-200.7450726605232,-85.9737763175892,False,-205.70313915704043,-97.26065522373716,0.0
31,-111.0687159873813,-43.18805410686855,False,-202.65041582898692,-95.5163777683543,0.0
32,-43.28644853027197,-7.378346433305957,False,-197.6702918509021,-92.76206428913405,0.0
33,-114.83526650378678,-51.95213023626077,False,-195.16013956765616,-91.52539962086516,0.0
34,-115.50113041286004,-46.85088285805403,False,-192.81722753369158,-90.21144324548835,0.0
35,-133.92083762871812,-40.72202503696018,False,-191.1344735364066,-88.79745986810184,0.0
36,-139.88375898909297,-52.85407447304944,False,-189.710842576759,-87.79903249601705,0.0
37,-164.2381385461025,-76.03514562016568,False,-189.02239111647097,-87.48108960748053,0.0
38,-100.9627910530754,-47.859508550985076,False,-186.70503322006584,-86.43841642178327,0.0
39,-422.0835501310182,-212.64711514423388,False,-192.74037980752615,-89.67453690184611,0.0
40,-221.65109827318975,-91.01700237752118,False,-193.46314776916776,-89.708098538738,0.0
41,-122.78010968916516,-40.02220358021035,False,-191.73917123063111,-88.49624744218855,0.0
42,-126.00901590742117,-63.31999063727639,False,-190.17416753245948,-87.8968127563573,0.0
43,-48.039449659811496,-11.853316420846074,False,-186.8687089772816,-86.12835935320588,0.0
44,-132.91533335120462,-64.93292370953552,False,-185.6424958948708,-85.64664490675882,0.0
45,-204.17318348812907,-106.56713252831824,False,-186.05428895249872,-86.11154463168236,0.0
46,-278.11659312690165,-115.83978407451761,False,-188.05564339107272,-86.75781070652661,0.0
47,-225.58431227889977,-97.28312421038437,False,-188.85412570783498,-86.98175354703422,0.0
48,-47.00771760102233,-10.124319230432086,False,-185.8989922056097,-85.38055699877167,0.0
49,-195.26318197938195,-116.41688728334131,False,-186.09009811936014,-86.01395149437514,0.0
50,-89.25103938244001,-35.92767987880018,False,-184.15331694462174,-85.01222606206363,0.0
51,-124.28392310309687,-39.64993636922222,False,-182.97940726145458,-84.12276940141969,0.0
52,-287.2598681200842,-110.93544277188494,False,-184.98480073950515,-84.63839773546708,0.0
53,-284.89419064896504,-54.17357684016873,False,-186.8698835679855,-84.06358979404635,0.0
54,-137.30664862487248,-61.93914663404075,False,-185.9520458838538,-83.65387788367588,0.0
55,-37.6552668956907,-1.458849811771767,False,-183.25574081134172,-82.15942282782308,0.0
56,-336.79654032671283,-121.87387126322497,False,-185.99754080268764,-82.8686094070267,0.0
57,-61.68988931257327,-19.20008414499557,False,-183.816704811633,-81.75161773576298,0.0
58,-162.00817340250208,-51.18280866329452,False,-183.44069564940662,-81.22456930347906,0.0
59,-218.53485198584616,-86.66818242246194,False,-184.03551185849878,-81.31683393261434,0.0
60,-208.53830817976757,-126.83033122754986,False,-184.4438917971866,-82.07539222086328,0.0
61,-87.1494477631443,-39.51859878473029,False,-182.84890091138263,-81.37773986945126,0.0
62,-98.05128077700004,-47.21811883867677,False,-181.48119736082808,-80.82677823992263,0.0
63,-147.4767696482606,-70.5895425050598,False,-180.94144453999368,-80.66428243460734,0.0
64,-164.10565725072246,-94.44566914251769,False,-180.67838536359886,-80.87961660191846,0.0
65,-38.08604635578577,-6.26852771660127,False,-178.48465707117097,-79.73175369599049,0.0
66,-92.09499882799435,-42.92787988861561,False,-177.17572285536525,-79.1741192443636,0.0
67,-280.8745457131419,-142.9634345307831,False,-178.7234664801082,-80.12619857699673,0.0
68,-259.7048746475765,-103.50138518428058,False,-179.91436954139448,-80.46995132122149,0.0
69,-132.7097553498628,-51.87151769412056,False,-179.23024469803894,-80.0554812686548,0.0
70,-183.87446653895884,-59.55243726887433,False,-179.2965907243378,-79.76258064008651,0.0
71,-111.32159882512605,-61.45962150116503,False,-178.33919647223624,-79.50479248320029,0.0
72,-78.96087042636523,-24.213233540775356,False,-176.95894194382137,-78.73685416455552,0.0
73,-156.83455267266095,-63.512786102125865,False,-176.683265378463,-78.52830528698799,0.0
74,-72.6871191066971,-11.10621613746501,False,-175.27791205046617,-77.6171959741566,0.0
75,-248.3111050582803,-101.28274586507318,False,-176.25168795723704,-77.93273663936883,0.0
76,-39.48242684839748,-5.974901721289358,False,-174.45209241633125,-76.98592302202567,0.0
77,-124.11238485001455,-69.71565761234027,False,-173.79832998040504,-76.89150399073105,0.0
78,-67.64794659770827,-11.659415944213245,False,-172.43742762934482,-76.05519516962185,0.0
79,-126.00920114677379,-50.62746672224845,False,-171.8497285599452,-75.73332518927536,0.0
80,-102.18851685350471,-28.425229466935793,False,-170.9789634136147,-75.1419739927461,0.0
81,-285.3788943183762,-86.24417150666687,False,-172.3913082395994,-75.27903815958463,0.0
82,-71.21190663602736,-4.5387306239538745,False,-171.1574130980924,-74.41635148232083,0.0
83,-66.75672720910478,-27.036438966960496,False,-169.8995735090685,-73.84550916285866,0.0
84,-60.6686568803149,-13.087776823082176,False,-168.59920545396426,-73.12220282548037,0.0
85,-95.70562677067329,-22.89022801972579,False,-167.7416339400432,-72.53123841600092,0.0
86,-59.70874639180968,-18.243296648259584,False,-166.48543757320328,-71.8999832791667,0.0
87,-26.76573552851964,-12.72089951725327,False,-164.87946398648276,-71.21976392558149,0.0
88,-90.53340773272562,-42.06983755869173,False,-164.03462243814462,-70.88851476232139,0.0
89,-131.01512094520035,-35.850997167831345,False,-163.66361680339244,-70.4948347893496,0.0
90,46.622047378921394,22.41100135557807,False,-161.32710942358895,-69.46254772107262,0.0
91,24.29391241001815,-2.8798012730458407,False,-159.287317974868,-68.73086918867672,0.0
92,-142.4340857211222,-52.13559723318887,False,-159.10413066776206,-68.5504857978562,0.0
93,-120.26916865357478,-56.266046358501015,False,-158.6865504310504,-68.41839505119646,0.0
94,-46.75026152154494,-9.093782059072794,False,-157.4957388469067,-67.78728214702492,0.0
95,-88.91020252206613,-45.78220070071248,False,-156.773785832961,-67.55564971074796,0.0
96,-151.0179522245816,-40.131931575469984,False,-156.71382923287374,-67.26998598017217,0.0
97,-120.62421696799305,-51.03854787232509,False,-156.3417713744729,-67.1026515666892,0.0
98,-35.96768059308508,8.31209718169039,False,-155.11346432568322,-66.33311331415472,0.0
99,-76.33996473094231,-25.360045821674365,False,-154.31777241058484,-65.9192439455438,0.0
100,-119.47341876871063,-32.494345133400444,False,-153.96932887416608,-65.58499495742235,0.0
101,-127.71767743594026,-71.04632024404376,False,-150.66326217701345,-63.92410194498987,0.0
102,-99.72928193311975,-26.13127179159224,False,-149.0547861871806,-62.86574069786395,0.0
103,22.34784969408649,11.740002125660872,False,-146.97116568168403,-61.64745593378828,0.0
104,4.971995688427042,8.66681587893262,False,-145.43504573660354,-60.620371625253384,0.0
105,-121.29204794286704,-47.10616305959387,False,-144.87797758240893,-60.19444584245022,0.0
106,-302.4677820742653,-45.884762465199664,False,-146.514821934384,-60.10667244961494,0.0
107,-142.84582743689043,-41.076773190399344,False,-144.6049961567944,-58.5495257350929,0.0
108,-156.9760849940091,-51.66047361321331,False,-144.02008145173,-58.18362245056458,0.0
109,-107.93170590888454,-48.13545491724185,False,-142.33422865938198,-57.18811395898151,0.0
110,-137.74787285588872,-26.36191781187363,False,-140.18447191798737,-56.058982851723705,0.0
111,-111.17257966624643,-19.41523238926763,False,-138.43255690899485,-55.21194394751753,0.0
112,-108.05188255740576,-50.64356604156909,False,-137.31417140695092,-54.970467974194534,0.0
113,-82.21835778307965,-34.32492869383397,False,-136.91453912379433,-54.701412488607176,0.0
114,-85.36163734732264,-42.47197344935072,False,-137.1563079746479,-54.85904752814322,0.0
115,-13.066200179413627,-9.409952130998605,False,-135.2914613982092,-54.04802977172887,0.0
116,-107.13860700837962,-46.55183464953605,False,-135.52024527941188,-54.09179742687583,0.0
117,-144.70740427681454,-51.60938293404131,False,-134.44504350502314,-53.37721605841298,0.0
118,-64.07729965895513,-17.70564391175649,False,-132.40804360461658,-52.38794170157369,0.0
119,-102.6365987336408,-43.562673647040214,False,-129.59861521383186,-50.714027759516775,0.0
120,-72.32108113393907,-14.677253676781685,False,-128.94729734393184,-50.30203894401124,0.0
121,-12.355389039933172,-0.931724691901131,False,-127.08029999788299,-49.673848871525415,0.0
122,-103.1481795762365,-17.191001808328487,False,-127.36911224593885,-49.46605633491488,0.0
123,-52.65665720919455,-9.991880122987023,False,-125.1949289606934,-48.04862996726733,0.0
124,-15.484707444778863,-10.716362098608393,False,-122.88805152330674,-46.98116877631171,0.0
125,-146.76848267355518,-35.714017409654744,False,-123.48323043979845,-46.883603732880246,0.0
126,-17.993818136500437,5.160026985298597,False,-121.15218974980307,-45.757938148383886,0.0
127,-108.87834191909931,-41.088069984675975,False,-121.4731110410004,-45.7748285709783,0.0
128,-95.61796417253522,-31.03879094996573,False,-121.0112542551089,-45.48489689429257,0.0
129,-49.961039517119424,4.459355058155296,False,-120.89588448599419,-45.310748409831184,0.0
130,85.91765641261748,58.121240860387296,False,-118.0292571952628,-43.86979823805142,0.0
131,-47.709252757997305,-11.712383188991808,False,-117.39566256296898,-43.55504152887267,0.0
132,-74.55076960816433,-21.422105265800383,False,-117.70830577374787,-43.6954791171976,0.0
133,-151.3777040679878,-54.65894790896864,False,-118.07373014938986,-43.722547293924684,0.0
134,-89.57982871733864,-4.849755204981831,False,-117.81451713243464,-43.30253601739396,0.0
135,-198.26426848395448,-40.22289403177922,False,-118.45795144098702,-43.29754470734215,0.0
136,-32.78455798012541,-26.335211210443596,False,-117.38695943089733,-43.03235607471609,0.0
137,-244.9324521200032,-30.268931916160735,False,-118.19390256663635,-42.57469393767604,0.0
138,-148.9130711282597,-26.20558486788829,False,-118.6734053673882,-42.35815470084507,0.0
139,-80.05560132318321,-26.317947977624875,False,-115.25312587930985,-40.49486302917898,0.0
140,-111.4187372302758,-30.841027559742358,False,-114.15080226888071,-39.89310328100119,0.0
141,-193.38411316162816,-55.623645707403284,False,-114.85684230360533,-40.04911770227312,0.0
142,-6.038935527994099,12.531353595492504,False,-113.65714149981108,-39.29060425994543,0.0
143,-99.21736334471963,-57.67994073656112,False,-114.16892063666018,-39.74887050310258,0.0
144,-58.7866848054119,-8.100205680720011,False,-113.42763415120226,-39.18054332281442,0.0
145,-32.044384128845806,-28.46748850528782,False,-111.7063461576094,-38.39954688258412,0.0
146,-67.58747416535182,10.236415594817712,False,-109.60105496799389,-37.13878488589077,0.0
147,-32.83163067298153,-19.59960849190389,False,-107.67352815193472,-36.361949728705966,0.0
148,-66.96521019252643,-17.77041653464444,False,-107.87310307784973,-36.43841070174808,0.0
149,-80.44134132751516,-29.875381920065198,False,-106.7248846713311,-35.572995648115324,0.0
150,-78.74402720103008,-37.207047197310914,False,-106.619814549517,-35.58578932130043,0.0
151,-140.89050005644506,-23.14859674725203,False,-106.78588031905046,-35.42077592508073,0.0
152,-76.11687502428266,-7.731034038130253,False,-104.67445038809247,-34.38873183774319,0.0
153,-50.214810073257354,-13.433292499214595,False,-102.32765658233536,-33.98132899433364,0.0
154,-13.046323607978891,-2.8591392638653588,False,-101.08505333216647,-33.390528920631894,0.0
155,-6.780858766235525,-1.2882941514500317,False,-100.77630925087189,-33.38882336402867,0.0
156,55.13628851172838,46.911529166222735,False,-96.85698096248747,-31.700969359734184,0.0
157,5.950437937892346,-4.339075731666437,False,-96.18057768998283,-31.552359275600892,0.0
158,-76.37009343203144,-21.299176524379753,False,-95.3241968902781,-31.25352295421175,0.0
159,-19.577060844390004,-1.1538845657984744,False,-93.33461897886356,-30.398379975645113,0.0
160,-7.9965699536549835,-5.7968096238523446,False,-91.32920159660243,-29.188044759608136,0.0
161,72.12609026982288,19.1967279771301,False,-89.73644621627278,-28.600891491989533,0.0
162,-88.0289614275291,-4.605657290815488,False,-89.63622302277807,-28.174766876510926,0.0
163,-39.86996695333757,-5.304764618952834,False,-88.56015499582884,-27.521919097649857,0.0
164,-38.96777241871779,-17.62735991713062,False,-87.3087761475088,-26.753736005395982,0.0
165,127.54641402426364,13.59960345029919,False,-85.65245154370828,-26.55505469372698,0.0
166,-90.32845644558176,-20.420951640542924,False,-85.63478611988417,-26.329985411246252,0.0
167,-9.445074802722957,20.829952971090933,False,-82.92049141077997,-24.692051536227513,0.0
168,43.055640808739284,36.122584259978844,False,-79.8928862562168,-23.29581184178492,0.0
169,-79.29590253498249,-11.78330349564622,False,-79.358747728068,-22.894929699800173,0.0
170,-58.8484095512325,3.9058832345757946,False,-78.10848715819074,-22.26034649476567,0.0
171,-83.87237220812118,-44.57000669438131,False,-77.83399489202068,-22.091450346697833,0.0
172,-19.700673818191703,-4.086451376928991,False,-77.24139292593897,-21.890182525059366,0.0
173,73.74189530211797,-3.8825545743041228,False,-74.93562844619116,-21.293880209781154,0.0
174,-177.05142106282918,-38.124977518725416,False,-75.97927146575248,-21.564067823593756,0.0
175,-117.30331100055224,-10.407192040347372,False,-74.6691935251752,-20.6553122853465,0.0
176,-81.70746883090283,8.833376882453912,False,-75.09144394500026,-20.50722949930907,0.0
177,-135.72284461743715,-14.70528617868538,False,-75.20754854267449,-19.95712578497252,0.0
178,-119.74741502202816,-4.013241429079367,False,-75.72854322691768,-19.88066403982118,0.0
179,-28.799567783329465,2.684708701290438,False,-74.75644689328324,-19.34754228558579,0.0
180,-84.69670217977395,19.888899920783143,False,-74.58152874654593,-18.864400991708603,0.0
181,17.401126907330934,3.3384298209558927,False,-71.55372853428885,-17.968574978432372,0.0
182,58.37023462386172,-11.743792572754153,False,-70.25790712168998,-18.04062559792037,0.0
183,-34.65722421531635,5.13714900054304,False,-69.93691209175208,-17.718889718245336,0.0
184,5.620946041344595,27.166365977458874,False,-69.2740160625355,-17.31634829023993,0.0
185,-95.07310261133092,14.596428361638605,False,-69.26769082094206,-16.941481726426286,0.0
186,-37.416156709919136,-0.5239738497988462,False,-69.04476492412316,-16.76428849844168,0.0
187,-19.98889133878282,17.911859802768028,False,-68.9769964822258,-16.457960905241467,0.0
188,-86.38621432890673,-7.039801234779844,False,-68.9355245481876,-16.107660542002346,0.0
189,-12.116909867013916,12.151137657975248,False,-67.74654243740574,-15.627639193744283,0.0
190,104.88929893614633,20.602232820964744,False,-67.16386992183351,-15.645726879090414,0.0
191,47.60909140559107,44.90161869308938,False,-66.93071813187777,-15.167912679429067,0.0
192,65.84215989922674,47.19421694708874,False,-64.84795567567427,-14.174614537626287,0.0
193,-33.19624102060213,4.38397502677901,False,-63.97722639934454,-13.56811432377349,0.0
194,-0.1640449632741081,9.163569739225512,False,-63.51136423376183,-13.385540805790505,0.0
195,78.65913440247513,7.360082233502154,False,-61.83567086451642,-12.854117976448357,0.0
196,159.99818267006054,19.440626348722752,False,-58.72550951557,-12.258392397206428,0.0
197,77.85150648175693,49.675523280410324,False,-56.7407522810725,-11.251251685679074,0.0
198,30.362351940231406,22.366216287770904,False,-56.077451955739335,-11.110710494618269,0.0
199,-31.272004825256857,8.61286600637425,False,-55.62677235668248,-10.770981376337783,0.0
200,-41.875904081397735,-16.832320000189096,False,-54.85079720980935,-10.614361125005674,0.0
201,-23.587211702783975,-10.094497852114342,False,-53.80949255247778,-10.004842901086377,0.0
202,-52.36366352071239,-4.759315337638437,False,-53.335836368353704,-9.791123336546839,0.0
203,184.3853047389951,33.27875379863897,False,-51.715461817904625,-9.575735819817059,0.0
204,-19.910996289713793,10.74433024744901,False,-51.96429173768605,-9.554960676131895,0.0
205,-114.21511878579892,25.717586073160483,False,-51.893522446115355,-8.82672318480435,0.0
206,72.05699931431127,23.040108319302245,False,-48.14827463222959,-8.137474476959332,0.0
207,-58.464955005625725,3.0891829265260657,False,-47.30446590791695,-7.695814915790077,0.0
208,7.080457292332137,28.28910210689652,False,-45.66390048505352,-6.896319158588979,0.0
209,27.50414327826417,11.553721257169384,False,-44.30954199318203,-6.299427396844868,0.0
210,-97.40484883590926,2.7524035873933315,False,-43.90611175298224,-6.008284182852197,0.0
211,-17.775830795469673,19.87606182372807,False,-42.97214426427448,-5.615371240722241,0.0
212,30.319998885445763,7.682411663102478,False,-41.588425449845964,-5.032111463675524,0.0
213,-87.15502881402487,10.93751038906401,False,-41.63779216015542,-4.579487072846544,0.0
214,84.48143281637027,19.988518414186963,False,-39.93936145851849,-3.9548821542111683,0.0
215,107.81876572649706,57.083884488814505,False,-38.73051179945938,-3.289943788013037,0.0
216,-116.88801269940326,-10.817617109060627,False,-38.828005856369614,-2.9326016126082823,0.0
217,52.94778687236791,57.135223736284416,False,-36.85145394487779,-1.8451555459050253,0.0
218,-74.06882177957432,26.501517727520383,False,-36.951369166083985,-1.4030839295122568,0.0
219,-0.7486644070880029,11.348684647746698,False,-35.932489822818454,-0.8539703465643878,0.0
220,-1.2924262076073296,-0.1487378331802085,False,-35.22220327355514,-0.7086851881283731,0.0
221,-8.960879914363812,39.091373098488326,False,-35.18825818229945,-0.3084542102244787,0.0
222,-89.15696389848112,15.176486159597067,False,-35.048346025521894,0.015220669454776879,0.0
223,-110.9052014077034,29.450479025214488,False,-35.63083146750698,0.409644260936792,0.0
224,-3.1702595374881426,18.611580675784953,False,-35.507686988434074,0.7029236886807252,0.0
225,-31.425010429009333,3.181436052549864,False,-34.35425226598861,1.0918782233027713,0.0
226,-24.332177061151086,13.519836608676135,False,-34.41763585523512,1.1754763195365467,0.0
227,-78.92370757634646,-12.63965616303906,False,-34.1180895118076,1.4599604577529162,0.0
228,9.004994138436984,31.405372287225575,False,-33.071859928697876,2.0844020901248292,0.0
229,-128.94103522312753,12.386787393394732,False,-33.86165988575795,2.1636764134772233,0.0
230,74.86264141769212,28.982977777813183,False,-33.97221003570721,1.8722937826514823,0.0
231,32.01478388974284,54.39358898482632,False,-33.17496966922981,2.5333535043896633,0.0
232,-17.732550764618527,24.29358635742623,False,-32.60678748079435,2.9905104206219293,0.0
233,-34.96883704100848,17.73029463885121,False,-31.44269881052456,3.7144028461001284,0.0
234,89.82295301466942,52.449575466735084,False,-29.648670993204476,4.287396152817298,0.0
235,-67.84828692793532,3.919183967249405,False,-28.34451117764429,4.728816932807584,0.0
236,-88.14016489434047,14.362890623984587,False,-28.89806724678644,5.135797951151866,0.0
237,82.72888471350085,33.83489880656035,False,-25.621453878451398,5.776836258379077,0.0
238,-36.74009935463359,14.259202103531077,False,-24.499724160715136,6.1814841280932695,0.0
239,74.01676011128725,19.303303115300423,False,-22.95900054637043,6.637696639022522,0.0
240,52.26826947109244,64.21366096629308,False,-21.322130479356748,7.588243524282876,0.0
241,-36.792561597322496,25.94932433161224,False,-19.75621496371369,8.403973224673033,0.0
242,-23.59019495397972,16.24266302686438,False,-19.931727557973545,8.441086318986752,0.0
243,22.74263902379213,8.370359280407007,False,-18.712127534288427,9.101589319156433,0.0
244,34.75811358240283,15.77227371050782,False,-17.776679550410282,9.340314113068711,0.0
245,-48.52732613140288,13.499675154202418,False,-17.94150897043585,9.759985749663613,0.0
246,-78.70270124199075,-11.100569099647135,False,-18.05266124120224,9.546615902718965,0.0
247,33.315735369327626,49.74407431233346,False,-17.39118758077915,10.240052730761338,0.0
248,76.89956221158714,72.45466707606525,False,-15.952539856738012,11.142303566868437,0.0
249,-55.554264171572335,6.210094602676211,False,-15.703669085178586,11.50315833209585,0.0
250,41.53425039834752,34.24805580864252,False,-14.500886309184812,12.217709362155382,0.0
251,-5.378508838067816,30.813236946459128,False,-13.145766397001038,12.757327699092492,0.0
252,-170.3470457959085,32.647578249918425,False,-14.088068104717298,13.16111382197298,0.0
253,-64.79285428564798,-8.072463608840046,False,-14.233848546841202,13.214722110876728,0.0
254,-32.59918908778079,20.029252911882562,False,-14.429377201639221,13.443606032634207,0.0
255,-73.69937942326978,24.429048900943243,False,-15.098562408209567,13.70077946315814,0.0
256,36.67079378773967,58.882008853464164,False,-15.283217355449453,13.820484260030552,0.0
257,57.658279968082745,37.66094246659854,False,-14.766138935147548,14.240484442013203,0.0
258,-36.379729051656824,29.99275620900043,False,-14.3662352913438,14.753403769347003,0.0
259,-75.7732988883515,62.60412683726096,False,-14.928197671783414,15.390983883377599,0.0
260,6.697905170389863,12.778549622871097,False,-14.781252920542965,15.576737475844833,0.0
261,-42.04488422903552,29.742723537713868,False,-15.92296266553155,15.682197431450673,0.0
262,-25.70894186582679,11.176272267199554,False,-15.299762469914526,15.84001672703082,0.0
263,-71.72023626630674,-15.13503547049731,False,-15.618265163044216,15.741714018515376,0.0
264,-4.709390551436209,32.54250538883553,False,-15.275681344371403,16.243412671575037,0.0
265,-13.046843298397812,13.661566676829974,False,-16.681613917598018,16.244032303840346,0.0
266,83.30377453719358,23.294476122478983,False,-14.945291607770264,16.681186581470566,0.0
267,-33.82739143581245,39.59164741668653,False,-15.18911477410116,16.868803525926523,0.0
268,-64.11064816370614,-2.0214559723441177,False,-16.260777663825614,16.48736312360329,0.0
269,5.675067242163693,28.136453050283087,False,-15.411067966054151,16.886560689062588,0.0
270,16.23139635562048,10.88012964698718,False,-14.66026990698562,16.9563031531867,0.0
271,-49.12761792868821,30.33996200595532,False,-14.312822364191293,17.705402840190068,0.0
272,-27.243141394629035,14.819897669266954,False,-14.388247039955665,17.894466330652026,0.0
273,0.2821733517323186,53.40027770309131,False,-15.122844259459521,18.46729465342598,0.0
274,-50.39080231168348,10.262462135393788,False,-13.856238071948063,18.951169049967174,0.0
275,73.83147922227307,56.418166215512684,False,-11.944890169719809,19.61942263252577,0.0
276,-61.826756910660784,21.473207600613073,False,-11.746083050517388,19.74582093970736,0.0
277,-13.029644858512853,27.882370669150966,False,-10.519151052928146,20.171697508185726,0.0
278,46.839275728801994,39.1099462480791,False,-8.853284145419847,20.60292938495731,0.0
279,230.8054961308943,42.466941924658805,True,-6.257233506277608,21.000751717190997,1.0
280,-54.90461837631446,27.845726763238588,False,-5.9593126682430135,21.080319985615546,1.0
281,50.912511656855585,21.843263875556485,False,-5.624198820747767,21.26536832616155,1.0
282,30.668923963128158,62.227478077087476,False,-5.901211927355104,22.005081032659973,1.0
283,57.797624453677074,21.09237768227785,False,-4.9766634406651695,22.16463331947732,1.0
284,110.04036290287021,68.51117636653159,False,-3.9324692720499126,22.578081423368054,1.0
285,34.764528687709415,27.55784816471934,False,-2.6340929590595095,22.707695621398862,1.0
286,-43.813032115373986,64.95616374671886,False,-2.6980617131140576,23.362496997364033,1.0
287,45.486552036477676,30.886058297644897,False,-2.0433072793614526,23.492238982312802,1.0
288,-161.45921541683805,15.82137057461172,False,-2.794037290240766,23.720850700406714,1.0
289,29.544247176002425,32.69367135621087,False,-2.3774257198106015,23.926276037389076,1.0
290,-60.16971211564365,32.582557990230605,False,-4.028015830328501,24.046079289081728,1.0
291,-2.6008127736869193,30.809525053865727,False,-4.53011487212128,23.905158352689497,1.0
292,-23.49613800997099,60.20031947391419,False,-5.423497851213259,24.035219377957752,1.0
293,-64.85882030068737,13.252322887479382,False,-5.740123644014111,24.123902856564754,1.0
294,-7.052888454045782,21.839788284903698,False,-5.809012078921828,24.250665042021527,1.0
295,52.10633747832479,68.48042746962952,False,-6.074540048163331,24.8618684943828,1.0
296,57.039213870903346,60.00158634912644,False,-7.104129736154902,25.26747809438684,1.0
297,35.246959663222235,35.5843229836417,False,-7.530175204340249,25.126566091419154,1.0
298,-27.543904572686415,17.686052564842363,False,-8.109237769469427,25.07976445418987,1.0
299,159.9490974718597,37.96640930424834,False,-6.1970267464982625,25.37329988716861,1.0
300,3.641022637503802,35.3089745735134,False,-5.741857479309247,25.89471283290564,1.0
301,-46.01134198723232,12.86897728891699,False,-5.96609878215373,26.124347584315945,1.0
302,141.04638387867544,18.15442741045616,False,-4.031998308159853,26.3534850117969,1.0
303,-57.446253973071975,59.09639046944687,False,-6.450313895280523,26.611661378504976,1.0
304,31.97934811787016,34.00031173047288,False,-5.931410451204683,26.844221193335212,1.0
305,-75.37359947401053,11.858361352753057,False,-5.542995258086801,26.705628946131142,1.0
306,152.21190990216093,18.737454013324804,False,-4.7414461522083045,26.66260240307136,1.0
307,33.97428733272809,27.083527710470282,False,-3.8170537288247677,26.902545850910805,1.0
308,184.51663139543754,29.183389230699454,False,-2.042691987793713,26.91148872214884,1.0
309,-69.40690734141523,21.452821658323128,False,-3.0118024939905066,27.010479726160373,1.0
310,24.0647462591173,37.122856483099994,False,-1.7971065430402402,27.35418425511744,1.0
311,215.35295903523613,62.496894450427455,True,0.5341813552668174,27.780392581384437,2.0
312,195.34239416023044,37.55989190964774,False,2.1844053080146644,28.07916738384989,2.0
313,2.695380940743828,61.170589526030525,False,3.0829094055623507,28.581498175219558,2.0
314,56.62270348117691,17.806150194824976,False,2.8043221122104183,28.559674493025938,2.0
315,66.04446483849861,33.79371532067405,False,2.3865791033304324,28.326772801344532,2.0
316,149.27273504279583,6.149952974104507,False,5.048186580752424,28.496448502176182,2.0
317,-83.2430695027615,-1.5572855697934571,False,3.6862780170011296,27.909523409115405,2.0
318,205.95294745174124,31.117211906611946,True,6.486495709314286,27.95568035090632,3.0
319,-78.72668742322583,12.428137818912166,False,5.7067154791529076,27.966474882617973,3.0
320,35.195552884889594,44.530490768107406,False,6.071595270077877,28.41326716863085,3.0
321,212.27811851286404,61.945369128507025,True,8.283985254350153,28.64180712893103,4.0
322,135.58051696258283,11.923694868937948,False,10.531360062960793,28.609279216024447,4.0
323,39.59321202359308,33.18871432079057,False,12.036344197273756,28.646661568980203,4.0
324,129.34348722824572,32.57977209301359,False,13.361481664931096,28.786343483152496,4.0
325,197.63438645550363,40.84303018625901,False,15.652075633776226,29.162959424489582,4.0
326,111.9590312173675,57.18339982289415,False,17.01498771656141,29.59959505663176,4.0
327,58.069481784897874,52.5754812764629,False,18.384919610173856,30.251746431026785,4.0
328,81.06951064202794,45.46064037876321,False,19.105564775209764,30.39229911194216,4.0
329,-66.30402354884416,7.616168134598487,False,19.7319348919526,30.3445929193542,4.0
330,83.93928629452836,64.90735880975913,False,19.82270134072096,30.703836729673657,4.0
331,88.25190435590817,39.806713439123776,False,20.385072545382616,30.55796797421663,4.0
332,38.88746621957777,42.343189064722424,False,20.951272715224576,30.738464001289593,4.0
333,67.58580877570174,48.707721853772334,False,21.976819173391682,31.04823827343881,4.0
334,49.30413383002837,19.383344775862373,False,21.571630981545272,30.717575966530084,4.0
335,115.29886597031094,41.34792615958515,False,23.403102510527734,31.091863388453433,4.0
336,205.49921573910953,28.25676096635951,True,26.33949631686223,31.230802091877194,5.0
337,-1.9103636625994205,85.93740478974237,False,25.493103833101227,31.75182715170901,5.0
338,216.77782792840407,34.51848349196926,True,28.028283105931607,31.954419965593388,6.0
339,17.511654808787952,22.45203350435832,False,27.46323205290661,31.985907269483963,6.0
340,-61.19346431340965,39.927850543501805,False,26.32861471506159,31.743049165256057,6.0
341,287.0739678762387,89.09190911423418,True,29.56728000979721,32.374475013082275,7.000000000000001
342,219.02386073566694,48.91369132823974,True,31.993420566693676,32.70118529609602,8.0
343,13.134380505048247,24.6974014606829,False,31.897337981506233,32.864455717898785,8.0
344,191.75753319997895,40.28608685898747,False,33.46733217768199,33.10959384938358,8.0
345,72.23043894217028,39.25775924373527,False,34.674909828417725,33.3671746902789,8.0
346,21.605610325285287,33.94540157767104,False,35.677992944090484,33.81763439705209,8.0
347,191.14443348917882,43.7696532434999,False,37.256279925289,33.75789018636375,8.0
348,-136.67542960931198,29.352604406223108,False,35.120530007080006,33.32686955966533,8.0
349,246.02823780132724,50.852912433950884,True,38.13635502680901,33.773297737978076,9.0
350,231.22218871098,79.3751701432287,True,40.03323440993533,34.22456888132395,10.0
351,18.00056826340944,44.59090634117945,False,40.26702518095011,34.36234557527115,10.0
352,192.72459956808896,37.9603029636117,False,43.89774163459006,34.415472822408084,10.0
353,-51.88692667232746,32.28710290827579,False,44.026800910723274,34.81906848757924,10.0
354,154.33070429328478,45.15509259174423,False,45.89609984453393,35.07032688437786,10.0
355,243.54966159601432,41.21366915647304,True,49.06859025472677,35.238173086933145,11.0
356,-87.02398878741253,15.634764011043655,False,47.83164242897526,34.805700638508945,11.0
357,157.09243975118167,34.21919825471436,False,48.825984026806246,34.7712831963901,11.0
358,40.62763536473009,68.96270088110381,False,49.59605767097012,35.16098264311113,11.0
359,254.77984627472307,48.51770484611161,True,52.90158912260086,35.02011842319964,12.0
360,181.09226171407357,48.516287879846395,False,54.64553268803769,35.37749580576939,12.0
361,67.33872192237857,37.40783294410103,False,55.73936874955183,35.45414689983327,12.0
362,220.78033811184622,45.74982308435432,True,58.204261549328564,35.79988240800481,13.0
363,239.83359231818,58.69112820405563,True,61.31979983517344,36.53814404475035,14.000000000000002
364,180.46630283079926,36.95838383568668,False,63.171556768995806,36.582302829218854,14.000000000000002
365,226.8520952876858,46.94697624037728,True,65.57054615485664,36.91515692485433,15.0
366,171.1955468671868,31.51980362896357,False,66.44946387815656,36.99741019991918,15.0
367,-10.741111576393576,37.391509589451246,False,66.68032667675075,36.97540882164682,15.0
368,-62.803090400429205,8.754439023749253,False,66.69340225438353,37.08316777160776,15.0
369,-19.513491994902274,40.41032541865055,False,66.44151666201286,37.20590649529144,15.0
370,-24.165371837899045,68.63051132201844,False,66.03754898007766,37.78341031204175,15.0
371,164.7862694343322,18.570670022804144,False,68.17668785370786,37.66571739221023,15.0
372,-49.20552009901835,22.434408060689044,False,67.95706406666397,37.741862496124455,15.0
373,114.87721692571246,24.443302875641404,False,69.10301450240378,37.45229274784995,15.0
374,217.09887430418735,44.75465785028746,True,71.77791126856249,37.79721470499889,16.0
375,246.7691437920488,55.23915731680515,True,73.50728791426025,37.78542461601182,17.0
376,211.99037013032347,30.120602595816102,True,76.24545918467008,37.87189856596385,18.0
377,-48.93459667917748,35.29869884764722,False,75.88640966646344,37.946061847748815,18.0
378,115.43916473797655,50.31543951882202,False,76.57240855655519,38.058116780456245,18.0
379,169.75581987773228,29.102960031512247,False,75.96191179402356,37.92447696152478,17.0
380,255.47671129219972,61.92098546587009,True,79.0657250907087,38.26522954855109,18.0
381,234.09248493696379,41.97058897174783,True,80.89752482350978,38.466502799513,19.0
382,15.813672619626832,40.632284071104124,False,80.74897231007478,38.25055085945317,19.0
383,-6.768354053399938,33.380022435921745,False,80.10331252500401,38.373427306989605,19.0
384,-77.37526352877667,44.45687261796735,False,78.22915626068755,38.13288426950397,19.0
385,-71.9525986982162,8.345090221899554,False,77.16198498682829,37.940756690075766,19.0
386,69.80119496978467,43.163921142944496,False,78.29812725767987,37.72283426403803,19.0
387,189.69453512665535,18.014700463293106,False,79.74020708858164,37.59412068569451,19.0
388,190.63301459346047,34.51632143053297,False,83.26112938868462,37.78107019425372,19.0
389,98.23493345307189,39.59458680368534,False,83.94803625145532,37.850079348728464,19.0
390,207.9268959905961,39.7557632440099,True,86.62900233251771,37.921811401266254,20.0
391,63.02862992812342,31.80372276352313,False,87.28529675953583,37.931753378362835,20.0
392,312.5763014178017,100.27878641231294,True,90.64602115381356,38.332538047746816,21.0
393,11.250401291923716,57.098743687116894,False,91.40711336973965,38.77100225574319,21.0
394,197.43796340443376,40.31594356394241,False,93.45202188832447,38.95576380853358,21.0
395,68.0169278818385,43.0333971221653,False,93.6111277923596,38.70129350505894,21.0
396,-49.803187802148955,35.99849166750135,False,92.5427037756291,38.46126255824268,21.0
397,170.59546405904473,38.59706671427293,False,93.89618881958731,38.49138999554899,21.0
398,233.78608650271008,46.81255079350201,True,96.50948873034129,38.7826549778356,22.0
399,260.62646337234105,54.800939168934256,True,97.51626238934608,38.95100027648245,23.0
400,255.0082963202875,79.10326865677666,True,100.02993512617391,39.38894321731508,24.0
401,278.75388051388904,81.37108934084546,True,103.27758735118512,40.073964337834376,25.0
402,198.83824049107514,20.630828873247005,False,103.85550591730912,40.09872835246228,25.0
403,216.36977803182788,53.98619801141824,True,106.59366623735811,40.047626427882,26.0
404,227.61053611942577,42.01837538048517,True,108.54997811737367,40.127807064382125,27.0
405,200.51446987619093,43.43669064299028,True,111.30885881087566,40.44359035728449,28.000000000000004
406,184.08567190388976,41.1118818674979,False,111.62759643089295,40.66733463582622,28.000000000000004
407,72.886591233979,32.89090284036418,False,112.01671946990545,40.72540838712516,28.000000000000004
408,222.652895550038,42.91825717002592,True,112.39808211145147,40.86275706651841,28.999999999999996
409,206.60922526216788,58.63797334801634,True,115.15824343748731,41.234608583415344,30.0
410,166.24945853684181,25.342378486654912,False,116.58009056026457,41.11680380345089,30.0
411,254.52003588116366,54.480495191751004,True,116.97176132872384,41.03663981086414,30.0
412,162.04236550432702,22.048634819640203,False,116.6387610421648,40.88152723996405,30.0
413,236.4885586821464,71.62414206972936,True,118.97669281957882,40.986062765401044,31.0
414,38.29897134733356,33.70755424445787,False,118.7934554982404,41.14507680589738,31.0
415,220.8769232157781,41.38658291587833,True,120.34178008201319,41.221005481849424,32.0
416,223.4606418858839,56.65777248881355,True,121.08365915044408,41.72608367699652,33.0
417,208.70505143457174,38.46603013622659,True,124.00314035981742,42.126316834056716,34.0
418,236.81857936314563,50.45080186391672,True,124.31179667893144,42.31965273362977,34.0
419,84.44208440112268,43.79779236433215,False,125.94348439717493,42.633349279083966,34.0
420,180.46378845071803,30.242542305423527,False,127.3961667528332,42.490469794457134,34.0
421,96.2639944506138,58.27747939782987,False,126.2360255122107,42.453790897150355,33.0
422,240.77897445153607,61.723644366259606,True,127.28801008710023,42.95179039212357,34.0
423,72.98738512814965,42.2208658832444,False,127.6219518181458,43.0421119077481,34.0
424,233.99779525875124,54.61376634200763,True,128.66849489845086,43.26245185023805,35.0
425,55.1553776531885,66.45797894444428,False,127.24370481042772,43.5186013378199,35.0
426,197.3441881516116,42.698028870613925,False,128.09755637977017,43.37374762829709,35.0
427,226.12288848091498,39.42564905599069,True,129.77809044673032,43.24224930609237,36.0
428,216.74332140263454,66.85162764972922,True,131.13482855433642,43.45615917880204,37.0
429,243.34128381203018,63.66352994528449,True,134.23128162794512,44.0166327969089,38.0
430,198.91826164460213,41.79114528510879,False,135.38107138144588,43.7854706616624,38.0
431,245.9667772986304,52.533780185671304,True,136.95822011087307,43.91274132912787,39.0
432,196.73257133037922,40.80705485462556,False,138.5366711619811,43.897379987026895,39.0
433,199.42052798451562,30.650353812262715,False,139.85501835406924,43.7168063066118,39.0
434,169.70899565253126,36.93355122475363,False,141.0590669722943,43.89230837110072,39.0
435,294.7558469750587,91.88866348429023,True,142.85363678234174,44.397715744347764,40.0
436,193.37453300721108,26.10815989567615,False,142.73238995502277,44.37622973364093,39.0
437,219.04837132543503,43.81126857231972,True,144.94197730490308,43.95496837146671,40.0
438,0.19781050093389752,32.12962015123372,False,142.7761771306284,43.93107973805935,39.0
439,162.76387484553698,32.79311576232068,False,144.2286993309959,44.03449056063898,39.0
440,38.94063452317923,40.54311679110312,False,145.23004031936182,44.040643223114984,39.0
441,267.6360843016742,68.33039138309017,True,145.03566148361617,43.83302804580355,39.0
442,160.90965388305955,35.90054054436333,False,144.4545194150901,43.70289653796478,38.0
443,58.36955245509927,50.0673336118016,False,144.9068711345906,43.95659585947597,38.0
444,69.3010037329082,41.65776467419728,False,143.68230583991988,43.97031263762807,38.0
445,188.73823773746471,27.557620570846883,False,144.84738382787282,43.853311250899175,38.0
446,166.49065999097175,42.853158597847376,False,146.29623432452968,43.94238882110094,38.0
447,-53.99739856750324,41.41328776957906,False,143.84481600396288,43.91882516636173,38.0
448,258.2571473232523,54.89625289266693,True,147.79414177328854,44.17426165122617,39.0
449,159.46567337941036,56.69904086477005,False,146.92851612906935,44.23272293553437,38.0
450,139.57589196930542,42.018322403537226,False,146.0120531616526,43.85915445813745,37.0
451,-16.55610407965915,29.987777046202364,False,145.66648643822194,43.71312316518768,37.0
452,230.82275098597944,46.042575825596586,True,146.04746795240084,43.79394589380754,38.0
453,251.57852686212453,49.35198923275979,True,149.08212248774532,43.964594757052375,39.0
454,200.40642819169608,58.43477502264214,True,149.54287972672944,44.097391581361364,40.0
455,172.84719864533633,36.47138198098709,False,148.83585509722266,44.04996870960649,39.0
456,189.28808095840267,35.904074965170345,False,151.5989757946808,44.25266181914776,39.0
457,213.91755916638837,36.44333088233049,True,152.16722698883288,44.27490314542392,40.0
458,76.24734690591943,52.72468019202471,False,152.52342410424478,44.11252293853313,40.0
459,234.05728533115504,45.3818732557978,True,152.3161984948091,44.08116462262999,40.0
460,-1.2620262459564628,43.10634122595542,False,150.49265561520878,44.02706515609108,40.0
461,-11.926126785800534,50.931502409286985,False,149.700007128127,44.162301850742935,40.0
462,224.5508646358517,57.29380303053058,True,149.73771239336708,44.277741650204696,40.0
463,64.10610346239712,38.5917722533853,False,147.98043750480923,44.07674809069799,39.0
464,101.3820027963509,58.85804748429365,False,147.18959450446474,44.295744727184065,39.0
465,170.5271524634514,43.590588785217314,False,146.6263450762224,44.26218085263246,38.0
466,276.64871656592254,70.90383658481578,True,147.68087677320975,44.65602118219099,39.0
467,214.9301879934626,71.29937455970745,True,149.9375897689083,44.995099831893555,40.0
468,245.45369911391617,71.26624769033354,True,153.0201576640518,45.620217918559405,41.0
469,220.33858868786376,46.79416250673443,True,155.41867847087943,45.684056289440235,42.0
470,207.44018760490275,33.187691685990394,True,157.73473406530746,45.32962809307995,43.0
471,205.55019660781704,48.186924431591606,True,158.1423733370423,45.62579063716782,44.0
472,206.85958987364396,38.9966906218737,True,160.70302443676894,45.791413462779666,45.0
473,156.83326512446416,77.71996130727094,False,161.12258491875644,46.32418004709596,45.0
474,160.08838093091725,40.821362747209925,False,160.55247998502375,46.28484709606518,44.0
475,-312.8529514023285,61.30737457921455,False,154.95625903307996,46.345529268689276,43.0
476,136.92588350269148,36.07833057279426,False,154.20561416680368,46.405106548459074,42.0
477,227.88416994115522,48.00916138776013,True,156.973801833007,46.532211173860205,43.0
478,58.17063782566831,78.36927711734502,False,156.4011165638839,46.81274954984543,43.0
479,144.6335537015812,43.862424672041556,False,156.1498939021224,46.96034419625072,43.0
480,243.07697054803543,53.76109392784304,True,156.02589649468075,46.878745280870454,43.0
481,-40.08064900506159,59.912805356553235,False,153.2841651552605,47.058167444718514,42.0
482,215.15910791622366,38.83237981493306,True,155.27761950822648,47.04016840215681,43.0
483,201.52752473062085,57.33722804417074,True,157.36057829606668,47.279740458239296,44.0
484,207.66191848120107,59.816690973584,True,160.21095011616646,47.43333864179545,45.0
485,271.1103295172272,55.98744953297251,True,163.6415793983209,47.90976223490618,46.0
486,180.20430874890798,44.567586246791215,False,164.7456105361121,47.92379888594466,46.0
487,252.47889073038556,51.146279615043206,True,165.37345409214942,48.25511467746216,47.0
488,182.5299202594819,42.70406488426282,False,165.29242314880966,48.33699211199947,47.0
489,209.3922668241534,40.6196043018663,True,166.40399648252045,48.34724228698127,48.0
490,182.84973501491527,38.779406968191466,False,166.15322487276364,48.33747872422308,47.0
491,244.2272047609058,63.73313606165193,True,167.96521062109147,48.656772857204366,48.0
492,223.37259313093955,39.735152119460146,True,167.07317353822285,48.051336514275846,48.0
493,231.5385153941184,50.155687028076684,True,169.27605467924477,47.98190594768543,49.0
494,227.58284413159538,53.623329541841194,True,169.5775034865164,48.11497980746442,50.0
495,102.62807744739862,67.15964015986157,False,169.923614982172,48.3562422378414,50.0
496,-13.489004420446761,40.051504992155515,False,170.28675681598904,48.396772371087934,50.0
497,222.84313070395,40.83830655588725,True,170.80923348243812,48.41918476950407,51.0
498,197.86739784979312,48.10570018168308,False,170.45004659590893,48.432116263385886,50.0
499,17.85679456154941,48.48612437025852,False,168.022349907801,48.36896811539914,49.0
500,254.3952018364484,44.30911950491339,True,168.0162189629626,48.021026623880495,49.0
501,197.22469540760602,56.62361559222662,False,167.20092711189977,47.773551886394316,48.0
502,223.51210906395676,52.00543983718198,True,167.44766579762853,48.08729799603367,49.0
503,133.09646680788416,40.52027741981291,False,166.61493268538914,47.95263879011762,48.0
504,169.08037549666622,34.057360673016,False,166.0296310791615,47.873028643042915,47.0
505,-44.173821566866366,21.578375716612577,False,163.582748164731,47.65444549377914,46.0
506,165.25048512679194,56.77860157065905,False,163.39439629696,47.811112690810745,46.0
507,192.73470929430738,46.222718961519746,False,164.59287747756326,47.94443085202229,46.0
508,-11.794072654517137,23.1134848563866,False,162.24840779551772,47.74638312888591,45.0
509,265.34637710333425,72.9856255713182,True,162.8357793139294,47.889859651118925,45.0
510,217.60560034807975,48.60857342496193,True,163.34934073204178,48.122521600502,46.0
511,248.9968252592327,42.29900881605549,True,163.29410862582247,48.00070673674505,46.0
512,250.458399911176,70.26012676110078,True,164.17826896989095,48.48282165615965,47.0
513,198.2364833186262,45.69553353967854,False,163.79574821625573,48.22353557085914,46.0
514,264.51046180884464,60.54084580133482,True,166.0578631208709,48.491868486427904,47.0
515,275.1591849870318,46.38318727370829,True,166.60068573858342,48.5418345300062,47.0
516,77.27757282064033,39.831478949673745,False,165.13885504793095,48.373571594614795,46.0
517,227.58506356415793,73.62617666443452,True,165.32765516922683,48.72517305989688,46.0
518,54.41805752820062,39.49064841477746,False,163.50364995087736,48.61557152540549,45.0
519,152.04342855536646,46.24163855863099,False,164.17966339241983,48.640009987348485,45.0
520,143.28405094812845,42.52032246527001,False,163.8078660173939,48.762787788946945,45.0
521,-30.147671935817925,47.34008251428009,False,162.5437493535296,48.653413820111446,45.0
522,201.53419265140792,30.274398965566323,True,162.15130153552832,48.33892136610451,45.0
523,172.64749500216462,36.7667560617417,False,163.1479026342685,48.28438026788948,45.0
524,140.67016936446956,39.083516679284266,False,162.21462637532565,48.129077771262246,44.0
525,173.5652312222166,39.784282464847514,False,163.39872491101596,47.86234080646629,44.0
526,32.55079900075354,27.87036470052032,False,161.75079101950735,47.71406416476535,44.0
527,262.45005451075656,74.51024622906115,True,162.11406267980578,48.06491013649607,44.0
528,235.0234960518178,47.796131874506045,True,162.29686442629762,47.874355178743826,44.0
529,266.70697027498227,51.02518892358931,True,162.53052129092714,47.747971768526874,44.0
530,140.47871100752084,44.0828662879718,False,161.94612578455633,47.770888978555504,44.0
531,75.33526181085253,52.746133330353956,False,160.23981062967854,47.773012510002324,43.0
532,263.09848912874827,48.89623782080755,True,160.90346980766225,47.85390433966415,44.0
533,239.4668816353644,47.83608624120993,True,161.30393334417073,48.025761663953624,45.0
534,125.47796899076667,35.60820714775326,False,160.86162307755308,48.012508223183616,45.0
535,214.37218824733736,37.30541292137739,True,160.05778649027587,47.46667571755449,45.0
536,188.36720951847772,45.78053360717326,False,160.00771325538852,47.66339945466945,45.0
537,45.37064848260748,31.605718526431772,False,158.27093602696021,47.54134395421057,44.0
538,243.417808082539,56.72828076183093,True,160.7031360027763,47.78733056031655,45.0
539,227.69601057693487,48.41450970656448,True,161.35245736009026,47.943544499759,46.0
540,199.56882105396562,42.094054877327466,False,162.95873922539812,47.95905388062124,46.0
541,215.24757573383283,44.58170195386127,True,162.43485413971973,47.721566986328945,46.0
542,190.19319612444878,50.08515222959155,False,162.7276895621336,47.863413103181216,46.0
543,93.29338768086784,34.22634814015525,False,163.07692791439126,47.70500324846476,46.0
544,85.77649434651872,45.80274645045885,False,163.2416828205274,47.74645306622737,46.0
545,195.5346089427228,32.13039784037124,False,163.30964653257996,47.79218083892261,46.0
546,248.83202598136108,72.6262895075021,True,164.1330601924839,48.08991214801917,47.0
547,243.7437603014511,50.11518407100322,True,167.11047178117343,48.17693111103341,48.0
548,244.2004732660431,47.9499893783168,True,166.9699050406013,48.10746847588991,48.0
549,221.98724176751895,33.580659587549604,True,167.5951207244824,47.8762846631177,49.0
550,-35.84931737804079,36.58417702906306,False,165.84086863100896,47.82194320937297,49.0
551,211.91470450876363,27.925823359339027,True,168.1255767168932,47.801323672504324,50.0
552,229.4582897696973,49.807517726590575,True,168.11193210473036,47.83897309151427,50.0
553,227.8872515101736,39.777848475672485,True,167.87501935121082,47.74323168394339,50.0
554,3.845497211781712,43.55367921714659,False,165.9094100414117,47.594420725888455,49.0
555,175.50739213542857,45.41382358559819,False,165.9360119763126,47.68384514193456,49.0
556,217.9039644630771,63.671925427704785,True,166.22217081135935,47.96152364655991,50.0
557,154.77130895893572,46.92923625778812,False,165.6307083092848,48.06638270031447,49.0
558,190.1116223611966,42.8760173669906,False,166.76935106383763,47.96789607206414,49.0
559,242.1302236136458,64.92212255406197,True,166.85008044666253,48.16329856504678,49.0
560,183.81291568533334,39.041378398838994,False,168.70082986597544,48.12264893677561,49.0
561,-10.657815321762952,50.58943410107689,False,168.7135129806158,48.11922825369351,49.0
562,149.10117648475975,37.10456245529266,False,167.95901609910487,47.91733584794113,48.0
563,232.4459248774889,47.5138799683262,True,169.64241431325578,48.00655692509054,49.0
564,88.02970875916071,38.30501231985169,False,169.50889137288388,47.80102657344612,49.0
565,3.5418216602173125,60.70880245588832,False,167.8390380648515,47.97220871015283,49.0
566,197.43830072246976,45.54387066499107,False,167.04693390641702,47.71860905095458,48.0
567,226.076791337725,58.89828508460511,True,167.15839993985966,47.59459815620357,48.0
568,234.78281781502486,43.75463887241942,True,167.05169112687076,47.31948206802442,48.0
569,256.17409780987475,80.35320744323998,True,167.41004621809086,47.65507251738947,48.0
570,-3.1193115906184516,32.28257838243354,False,165.30445122613568,47.64602138435391,47.0
571,181.78860765392352,58.99195499834711,False,165.06683533659674,47.75407169002146,46.0
572,248.45190163859777,44.28739026466206,True,165.48275845424624,47.80697868644935,46.0
573,228.62965690726801,52.840861482052674,True,166.2007223720743,47.558187688197165,47.0
574,101.32756452896247,36.403224398574245,False,165.61311420805475,47.514006304710804,47.0
575,223.18691263278782,37.51032459483479,True,170.9735128484059,47.276035804867014,48.0
576,252.03952404120972,44.10846283561429,True,172.12464925379106,47.3563371274952,49.0
577,217.58696094373784,35.300807461177605,True,172.02167716381692,47.229253588229376,49.0
578,231.91428232835779,64.42434347323972,True,173.75911360884385,47.08980425178833,50.0
579,221.28053712179056,49.612773205970306,True,174.52558344304592,47.14730773712762,51.0
580,195.65014491104205,61.275033389130634,False,174.051315186676,47.2224471317405,50.0
581,185.82994941594634,59.7686770063231,False,176.3104211708861,47.221005848238185,50.0
582,178.6667893378513,45.77661853491199,False,175.94549798510235,47.29044823543798,49.0
583,248.77660797379164,71.48042662209626,True,176.41798881753405,47.431880221217234,49.0
584,184.83950667485203,49.36084219969931,False,176.18976469947057,47.327321733478385,48.0
585,265.481252421322,50.96730162886793,True,176.13347392851153,47.27712025443734,48.0
586,180.99432835150432,52.66507460178033,False,176.1413741245375,47.35809513798723,48.0
587,201.01648939050116,50.0169808280563,True,175.62675011113865,47.34680215011736,48.0
588,167.49315361052032,40.32250348730586,False,175.47638244464906,47.322986536147795,48.0
589,261.322032958415,76.70242519528077,True,175.99568010599168,47.683814745081925,48.0
590,229.7729355590089,72.36023633142801,True,176.46491211143257,48.0196230387143,49.0
591,263.2188937588737,75.50082436533975,True,176.65482900141222,48.13729992175118,49.0
592,-23.246737585916563,36.60013523203688,False,174.1886356942437,48.10594975287696,48.0
593,187.58875908029745,42.77424325983204,False,173.74913813110544,48.03213531519451,47.0
594,240.72110758633914,48.71204780122241,True,173.88052076565285,47.983022497788326,47.0
595,194.16043862241696,44.03845044196199,False,174.79584437740306,47.751810600609325,47.0
596,210.8133980048823,58.3195020708862,True,177.03886840165632,47.93449057139663,48.0
597,206.85447820226784,37.80274312591175,True,176.87898187663953,47.90413493709687,48.0
598,198.87148575076026,48.86966732535626,False,176.8890227556492,47.9117746085336,48.0
599,63.06684797158063,40.95184841438506,False,177.3411232897496,47.83643184897487,48.0
600,196.47048535499687,53.983699812497406,False,176.76187612493504,47.93317765205071,47.0
601,119.07841158236555,47.167417410266765,False,175.9804132866826,47.838615670231114,47.0
602,238.72416604539103,73.41157839014028,True,176.13253385649696,48.052677055760704,47.0
603,223.66523194598378,46.111412894414606,True,177.03822150787792,48.10858841050671,48.0
604,194.12308525570336,33.1950312886856,False,177.2886486054683,48.099965116663405,48.0
605,24.64570069239622,32.43689217908336,False,177.9768438280609,48.208550281288126,48.0
606,-4.50153841447613,35.30744347560241,False,176.2793235926482,47.993838700337555,48.0
607,181.69494700173263,59.5995496047754,False,176.16892596972252,48.12760700677011,48.0
608,189.86251716474845,43.044209246810226,False,178.18549186791515,48.32691425067434,48.0
609,182.1591655501389,45.15522275435335,False,177.3536197523832,48.048610222504706,47.0
610,222.92671270236033,44.372002685924016,True,177.40683087592598,48.006244515114304,47.0
611,216.3169716635299,66.20110652474138,True,177.08003233996897,48.24526549220118,47.0
612,244.23772440029705,45.611094392708374,True,177.01782558486022,47.99877516851725,47.0
613,265.42176762522735,81.59945470923024,True,177.6896784279262,48.357814380212766,48.0
614,273.660401274304,50.48350889133518,True,177.7811778225808,48.257241011112775,48.0
615,233.6621108277982,44.581370042230986,True,177.36620708098846,48.239222838798014,48.0
616,25.046037283162065,33.002641272296096,False,176.84389172561367,48.170934462024235,48.0
617,237.90722148864506,62.13881661759948,True,176.94711330485853,48.05606086155588,48.0
618,237.27000603891412,47.81555753998211,True,178.77563278996567,48.13930995280793,49.0
619,237.62089505024326,56.17391120322709,True,179.63140745491444,48.23863267925389,50.0
620,202.79639719759544,57.83895360367092,True,180.22653091740912,48.391818990637894,51.0
621,101.38750239819123,50.01064794845515,False,181.54188266074925,48.418524644979634,51.0
622,203.14680959599707,81.35658222708778,True,181.55800883019515,48.929346477594855,51.0
623,268.5855811690793,76.84271285921592,True,182.51738969186425,49.33010604556958,52.0
624,215.96843520955215,46.98196040525222,True,183.27037235031509,49.409090482829264,53.0
625,257.4800887435646,44.13836637652612,True,184.10952092552856,49.45263132194606,54.0
626,183.83591090238406,23.615795761033183,False,185.62237204454487,49.41008563255118,54.0
627,224.2814552691669,45.45147217606666,True,185.24068605212898,49.119497892021236,54.0
628,192.19302271265204,21.392033805043404,False,184.81238131873727,48.85545691132662,53.0
629,138.05812579274863,39.72343061116257,False,183.52589287391496,48.742439328202344,52.0
630,259.5565840569062,57.43135553843982,True,184.71667160440884,48.87592422070702,53.0
631,215.63597161917795,50.768086285261205,True,186.11967870249205,48.85614375025609,54.0
632,224.37814342871638,45.291155009523656,True,185.73247524549174,48.820092922143246,54.0
633,275.6920875496869,36.91594196040581,True,186.09472730463503,48.71089147933522,54.0
634,236.0548085290448,54.1344077987144,True,187.20049570001777,48.89615348584483,55.00000000000001
635,204.99390039704937,56.372053534449066,True,187.10671282151492,49.08681989197554,55.00000000000001
636,246.83428837838264,53.30984191112007,True,187.69138361011395,49.16211297501501,56.00000000000001
637,250.4940765307403,56.4034809568846,True,189.7426178905953,49.410090599319545,56.99999999999999
638,237.29995023900386,53.93649838511458,True,189.68143931215997,49.38217277555239,56.99999999999999
639,196.8700998557872,41.837948804417174,False,189.37318020494848,49.31640716653091,56.00000000000001
640,87.10965433499305,41.519719681126006,False,188.2485885377587,49.310663814568905,56.00000000000001
641,227.0000735346942,60.902979929153474,True,188.36611351576732,49.47387659432183,56.00000000000001
642,248.13382003330506,70.77914268118393,True,188.9455197548559,49.68081649883775,56.99999999999999
643,182.03855936433936,45.291631234223445,False,189.83297147169063,49.79146932977842,56.99999999999999
644,173.43227177544554,44.57432903119924,False,190.70952924597987,49.77918515558583,56.99999999999999
645,235.23291414063715,58.4028221154633,True,191.10651229795903,50.04190939833674,57.99999999999999
646,198.05987793422761,38.168498402518125,False,190.59879081748772,49.6973314872869,56.99999999999999
647,217.54216098842176,61.67296851310262,True,190.33677482435738,49.8129093317079,56.99999999999999
648,5.456904235645254,58.86858921700248,False,187.94933913405342,49.922095330094756,56.00000000000001
649,49.50787582586392,37.376423482415,False,186.22454547463687,49.9600529690434,55.00000000000001
650,252.29349731208788,72.98571373338639,True,189.10597362153814,50.32406833608664,56.00000000000001
651,207.6869010862554,51.49478757337437,True,189.06369558731305,50.559757978227,56.00000000000001
652,239.0242096770388,56.16543503919444,True,189.15935478638647,50.62333715135304,56.00000000000001
653,89.41110691987822,57.20341461911658,False,187.77459334048345,50.79759281278747,55.00000000000001
654,232.19659461548986,57.57695991842761,True,190.05810431452056,50.937825619800286,56.00000000000001
655,198.5021983946909,21.471205044064142,False,190.2880523771132,50.698399434384946,56.00000000000001
656,233.9265820036332,49.914233284071805,True,190.44827855251876,50.56082251294862,56.00000000000001
657,254.86047405594084,52.48374334683727,True,191.44917020348888,50.61636758383911,56.99999999999999
658,211.34547686912464,44.83777533929605,True,191.66150874856817,50.63598516356216,57.99999999999999
659,215.83006827087166,37.155574714219966,True,191.39850719514044,50.35831968516374,57.99999999999999
660,191.52134883410054,47.01928417206539,False,191.47559152662808,50.43809874289601,57.99999999999999
661,224.93658154671581,49.05869224783804,True,193.8315354953129,50.422791324363615,59.0
662,109.7272348474885,45.28292341314153,False,193.43779607894012,50.5045749339421,59.0
663,269.73587565706896,59.243716363699185,True,193.81069558673593,50.62187329789584,59.0
664,235.88916805394825,48.63986816552444,True,195.2892901796838,50.72522185635256,60.0
665,193.2807817729853,44.56952839348373,False,197.1866797808115,50.563829115728524,60.0
666,222.67708401467013,65.34298513115928,True,197.4390676137335,50.7618202603902,61.0
667,209.7674392348326,63.0721566193901,True,197.27597409270456,50.80355897573805,61.0
668,217.48275732844428,65.57315471359668,True,197.10297348783877,51.02174413414981,61.0
669,252.4564955169105,69.91029707462255,True,197.06579746490917,50.91731503046365,61.0
670,171.54677502598219,55.808858768456304,False,198.81245833107513,51.15257783432387,61.0
671,198.9333577205885,47.8884984625625,False,198.9839058317418,51.04154326896603,61.0
672,44.33657528349639,43.64197938435847,False,196.94275256819077,51.035089160163004,60.0
673,265.7624235584,70.76074922519912,True,197.3140802347021,51.21428803759447,60.0
674,93.07776727937551,67.40830301734752,False,197.23158226220622,51.5243388237822,60.0
675,236.43136876269625,48.41878509497699,True,197.3640268235053,51.633423428783615,60.0
676,-17.45938582063964,42.26808259536909,False,194.66903772488683,51.61501962638116,59.0
677,168.73278640118684,47.53515806125306,False,194.18049597946126,51.73736313238192,57.99999999999999
678,213.78989642162293,30.479840694861423,True,193.99925212039395,51.397918104598126,57.99999999999999
679,221.09118977593658,79.8866807919009,True,193.9973586469354,51.70065718045745,57.99999999999999
680,246.64692977066446,64.56259566124399,True,194.50732649553163,51.733532803178576,59.0
681,236.3316670325405,41.67601976494081,True,195.01234367169755,51.55260623076476,60.0
682,198.63054610627867,53.119200372109034,False,195.21198123938186,51.62603204913672,60.0
683,228.96534110422715,46.99961333450811,True,195.01386857068624,51.38122391626084,60.0
684,221.9348503719383,49.90933898604388,True,195.3848220076571,51.38670888412428,61.0
685,236.94534427710747,56.250886155803684,True,195.0994629262149,51.43954472939364,61.0
686,156.02714209668068,42.491659033740746,False,194.84979106366671,51.33781057371325,61.0
687,204.76027104622642,43.99155025108912,True,194.88722888022392,51.277556267943574,61.0
688,208.13829233763602,43.490016246827764,True,195.29368026749515,51.30923139553879,62.0
689,215.71351990403335,51.76391861359916,True,194.8375951369513,51.05984632972198,62.0
690,235.02825945178893,51.02030841602606,True,194.89014837587908,50.84644705056797,62.0
691,243.2735863292887,45.40975364179461,True,194.69069530158322,50.545536343332515,62.0
692,187.42907076863196,39.08112207056866,False,196.79745338512868,50.570346211717826,62.0
693,200.90420934206406,40.89511044544622,True,196.93060788774636,50.55155488357397,63.0
694,211.49770464373927,33.813099814500475,True,196.63837385832034,50.402565403706745,63.0
695,234.16162482988466,42.750894115867005,True,197.03838572039504,50.38968984044581,64.0
696,243.27290967597236,64.55554827164104,True,197.36298083710597,50.45205030245334,64.0
697,202.50114577370272,33.46725562118153,True,197.3194475128203,50.408695427406045,64.0
698,196.02969321270524,38.953326280839924,False,197.29102958743974,50.30953201696087,64.0
699,218.31865863154283,44.74215533184169,True,198.84354769403936,50.347435086135455,65.0
700,171.3889396842563,38.813077010739725,False,198.59273223733197,50.195728858117874,65.0
701,210.86400005049984,42.895467974501265,True,199.51058812201333,50.15300936376022,66.0
702,195.43525507823136,68.42305008817523,False,199.07769901234175,50.103124080740564,65.0
703,259.39756617192427,77.48512088939788,True,199.4350223546011,50.416861160690395,65.0
704,158.3622931329219,48.26290066968891,False,199.07741443337335,50.56753985450043,65.0
705,203.82975893799534,39.714378005747704,True,200.86925501582928,50.640314712767065,66.0
