episode,score,return,success,avg_score,avg_return,success_rate
1,-91.5199859855305,-50.758016611343265,False,-91.5199859855305,-50.758016611343265,0.0
2,-331.9880928279993,-168.11483010478292,False,-211.7540394067649,-109.4364233580631,0.0
3,-277.59658447220204,-138.80987630047832,False,-233.70155442857728,-119.22757433886818,0.0
4,-330.2281271215468,-133.22352321787955,False,-257.8331976018196,-122.72656155862103,0.0
5,-441.8644896805141,-160.59440881281526,False,-294.6394560175585,-130.30013100945988,0.0
6,-141.7108601043022,-72.90727226457705,False,-269.15135669868243,-120.7346545519794,0.0
7,-115.03775554015519,-71.32485014194896,False,-247.13512796174996,-113.67611106483218,0.0
8,-123.2100806648196,-65.78115154191147,False,-231.64449704963369,-107.6892411244671,0.0
9,-105.8096168774972,-54.9485092497749,False,-217.66284369717408,-101.82915980505686,0.0
10,-122.7984696841065,-65.20967436475206,False,-208.1764062958673,-98.16721126102638,0.0
11,-88.80603437461909,-52.150081823022596,False,-197.3245543030266,-93.9838358575715,0.0
12,-412.62469587291565,-79.03224363103992,False,-215.266232767184,-92.73786983869387,0.0
13,-58.68092102767929,-69.53920893751143,False,-203.2212087872221,-90.95335746167983,0.0
14,-112.65885807551706,-45.52109387588011,False,-196.75246945067173,-87.70819577697985,0.0
15,-177.503762500886,-70.19938352911109,False,-195.46922232068601,-86.54094162712194,0.0
16,-196.9455163339483,-67.65625957889054,False,-195.56149069651494,-85.36064899910747,0.0
17,-305.4508968977932,-19.525381009381626,False,-202.0255734142372,-81.48798617618242,0.0
18,-128.6773676228272,-74.02652603348669,False,-197.95067309249217,-81.07346061269932,0.0
19,-75.32019961661607,-17.705180484896218,False,-191.49643764639345,-77.7382879743939,0.0
20,-157.772716850542,-44.325323448861226,False,-189.81025160660087,-76.06763974811726,0.0
21,-246.45093308920855,-81.41047276428026,False,-192.5074269152965,-76.32206036793454,0.0
22,-178.08632496552286,-50.763720364460504,False,-191.85192228121588,-75.1603176405039,0.0
23,-331.69543067438866,-81.91096535778433,False,-197.93207482004945,-75.45382406299436,0.0
24,-362.84696468227554,-60.582224252865956,False,-204.80352856430886,-74.83417407090568,0.0
25,-171.67359989745785,-22.609976168059454,False,-203.47833141763485,-72.74520615479182,0.0
26,-146.60988115966686,-55.16637636816668,False,-201.29108333078992,-72.0690973168447,0.0
27,-240.50846185517315,-68.2209802134661,False,-202.743578831693,-71.92657446116402,0.0
28,-244.7293138854706,-20.535394289302374,False,-204.24306936932788,-70.09117516931181,0.0
29,-83.1977802466775,-42.658786547667006,False,-200.06909388233993,-69.14523073408269,0.0
30,-131.21028346704068,-75.24302351464767,False,-197.77380020182994,-69.34849049343485,0.0
31,-197.47390469969662,-104.3482637203866,False,-197.764126153374,-70.47751543623974,0.0
32,13.344261691915037,-17.525149942941155,False,-191.16698903320878,-68.82275401457417,0.0
33,-169.5548793816535,-80.60657652962789,False,-190.5120766195253,-69.17983954533338,0.0
34,-185.9605894980957,-93.6086528548822,False,-190.37820935124796,-69.89833405443775,0.0
35,-74.18315894211119,-53.08735404186542,False,-187.05835076812974,-69.41802033979283,0.0
36,-237.0021161939639,-122.09573876863521,False,-188.44567758551403,-70.88129029614957,0.0
37,-209.03635037882248,-92.4632043489058,False,-189.00218225560343,-71.4645852705484,0.0
38,-341.2689881011976,-159.32908166148246,False,-193.00920346206644,-73.7768088597835,0.0
39,-61.63835230652215,-46.121176667097615,False,-189.64072009910376,-73.06769008561207,0.0
40,-440.0411518969731,-248.05343865166282,False,-195.9007308940505,-77.4423337997633,0.0
41,-471.9274001044473,-210.79900311456038,False,-202.63308867966992,-80.69493549036812,0.0
42,-435.70212890258574,-271.84922758789963,False,-208.1823515421203,-85.24622815935697,0.0
43,-185.17692571077586,-104.74503260597099,False,-207.64734163906576,-85.69968872788287,0.0
44,-473.5495251794096,-277.768049237922,False,-213.69057308316448,-90.06487873947468,0.0
45,-339.6699736697237,-130.94806103742798,False,-216.49011531842132,-90.97339390165142,0.0
46,-285.8763689766265,-130.20240481595252,False,-217.99851213707797,-91.82619848674493,0.0
47,-53.773435371873575,-31.58415760503012,False,-214.50436156760554,-90.54445293607013,0.0
48,-414.2411610836534,-183.02842608557046,False,-218.66554489085658,-92.47120237668473,0.0
49,-239.68998755089984,-109.36583365089241,False,-219.0946151492248,-92.81599077003591,0.0
50,-192.1006967884084,-96.59548523130198,False,-218.5547367820085,-92.89158065926122,0.0
51,-319.3103750473343,-159.2541386435563,False,-220.53033753230898,-94.19280728640425,0.0
52,-264.0949382428105,-126.53636305319264,False,-221.36811831520325,-94.81479874345789,0.0
53,-243.82281964486737,-108.08065305552147,False,-221.7917919251969,-95.06509788142135,0.0
54,-230.06499022400666,-105.00742431413805,False,-221.9449993011008,-95.24921503758277,0.0
55,-220.1140940552556,-108.36085519803689,False,-221.9117101148127,-95.48760849504558,0.0
56,-201.1163689474305,-69.59049190351267,False,-221.5403647368237,-95.02515998448247,0.0
57,-194.91603840558793,-97.50512136634586,False,-221.07327129241608,-95.06866807890113,0.0
58,-367.66856255041034,-129.92064166251365,False,-223.60077631410564,-95.66956417517031,0.0
59,-321.0664366169191,-133.64527939969045,False,-225.2527366582211,-96.31322036541641,0.0
60,-358.5630450129747,-155.54913898539453,False,-227.47457513080033,-97.30048567574937,0.0
61,-395.69157065873503,-190.4965215922931,False,-230.2322307951927,-98.8282895432337,0.0
62,-39.99709598107671,-32.73938537233735,False,-227.16392216915855,-97.76233947596117,0.0
63,-354.63267316770595,-122.32329662977025,False,-229.187235677072,-98.15219593872004,0.0
64,-224.05084186704087,-85.14872329468237,False,-229.1069795237903,-97.94901667865697,0.0
65,-354.1900622669231,-153.35078822799647,False,-231.03133464291543,-98.8013516255699,0.0
66,-195.83249911758674,-93.0500763431734,False,-230.49801895313772,-98.71421109098813,0.0
67,-255.74133273552843,-141.42797092826387,False,-230.87478483048685,-99.35172989452956,0.0
68,-180.29177970434918,-88.30436482219736,False,-230.1309171080436,-99.18926864346585,0.0
69,-164.0741401968706,-75.49392859080208,False,-229.17357251512806,-98.84585791806492,0.0
70,-174.30961251241453,-71.02394042233311,False,-228.38980165794644,-98.44840195384018,0.0
71,-195.8039988472377,-90.26729396588283,False,-227.93084668878151,-98.33317508077036,0.0
72,-96.67726504791543,-16.590685844345334,False,-226.10788027710285,-97.19786273026446,0.0
73,-131.38534208991956,-34.89451484651667,False,-224.81031126084008,-96.344392211309,0.0
74,-155.45593538388957,-39.27452458517834,False,-223.8730899652056,-95.57317778392886,0.0
75,-185.8804303992602,-44.04346326746544,False,-223.36652117099302,-94.88611492370934,0.0
76,-156.53428472841574,-64.84220247962215,False,-222.48714963885385,-94.49080028628714,0.0
77,-137.51425711786587,-48.24855826107829,False,-221.38360558013972,-93.89025168855716,0.0
78,-171.7562612659556,-27.482957529213525,False,-220.74735757611174,-93.03887612241172,0.0
79,-178.99587294654185,-22.538422697993727,False,-220.21885777067416,-92.14646531957099,0.0
80,-208.21307790859544,-39.670378213903554,False,-220.06878552239814,-91.49051423075016,0.0
81,-175.38752419240402,-13.510549210490968,False,-219.51716501215128,-90.52779861321609,0.0
82,-166.16360801258054,-8.09532362151998,False,-218.86651187801016,-89.52252452795152,0.0
83,-181.14380648712316,-28.45346674617979,False,-218.41202145161392,-88.78675274744823,0.0
84,-182.9190636480288,-31.21248099212357,False,-217.98948623966646,-88.10134475036104,0.0
85,-294.2195645437089,4.691048488586629,False,-218.88631069030225,-87.00966953578518,0.0
86,-144.8311461269653,-8.721458805863282,False,-218.0252041256123,-86.0993415040419,0.0
87,-99.44739450834363,11.90980188700728,False,-216.6622407966782,-84.97279962598387,0.0
88,-123.28002148505497,16.421265020452655,False,-215.60107921359156,-83.82059434591072,0.0
89,-161.95488812592012,-14.606079707224636,False,-214.99831302159527,-83.04290317019515,0.0
90,-66.45825142126492,20.364359938724636,False,-213.34786789270268,-81.89393358009605,0.0
91,-97.55167015734355,15.832922068358709,False,-212.07538220330312,-80.82001208945368,0.0
92,-59.42253730366795,32.30949268036303,False,-210.41611215004622,-79.59034355934698,0.0
93,-75.78780168902014,6.1212703740872,False,-208.96849590852983,-78.66871330199822,0.0
94,-65.67839995924504,23.331037048635263,False,-207.4441331856651,-77.58360957486383,0.0
95,-60.904857915374514,10.6377212251649,False,-205.9016144986094,-76.65496398749511,0.0
96,-61.95553618566369,39.47289301186155,False,-204.40217618284956,-75.44529881041846,0.0
97,-103.57605423631338,-5.690380152138698,False,-203.3627316266997,-74.7261759376527,0.0
98,-91.86091904106445,0.2991324002059879,False,-202.2249580288871,-73.96061156685822,0.0
99,-117.70173630447016,-7.737687075873263,False,-201.37118811247885,-73.29169313765635,0.0
100,-130.9070719376342,-8.43410302706384,False,-200.6665469507304,-72.64311723655042,0.0
101,-232.56352562826365,-17.139600743910677,False,-202.07698234715772,-72.3069330778761,0.0
102,-114.8499203620539,-5.610600280263297,False,-199.90560062249824,-70.6818907796309,0.0
103,-118.83945147610643,-36.52487764631611,False,-198.31802929253732,-69.65904079308928,0.0
104,-249.95180963427242,-18.092539285683287,False,-197.51526611766454,-68.50773095376732,0.0
105,-302.59117534840914,-33.93078663531678,False,-196.12253297434353,-67.24109473199233,0.0
106,-243.11959119986227,-7.348272469249393,False,-197.13662028529913,-66.58550473403906,0.0
107,-256.7625252979872,-27.019785276676693,False,-198.55386798287748,-66.14245408538633,0.0
108,-308.17755693467444,-53.72608914015558,False,-200.403542745576,-66.02190346136878,0.0
109,-363.4210888762955,-34.901874374262405,False,-202.97965746556406,-65.82143711261365,0.0
110,-409.1379663123849,-27.12625973187842,False,-205.8430524318468,-65.44060296628493,0.0
111,-397.4663301145028,-55.45449995234706,False,-208.92965538924562,-65.47364714757816,0.0
112,-225.72597857337786,-41.45281464781563,False,-207.0606682162502,-65.09785285774592,0.0
113,-153.426577453993,-20.529176656294265,False,-208.00812478051336,-64.60775253493374,0.0
114,-260.1850565809909,-12.383517082986957,False,-209.48338676556807,-64.27637676700482,0.0
115,-299.03925553740834,-76.12400033531226,False,-210.6987416959333,-64.33562293506684,0.0
116,-198.84132125319053,-4.6432382586769085,False,-210.71769974512574,-63.7054927218647,0.0
117,-588.69934606746,-50.508813476345814,False,-213.55018423682247,-64.01532704653432,0.0
118,-248.5464009170401,-61.412642071598256,False,-214.74887456976455,-63.88918820691545,0.0
119,-134.8737178319543,-42.660332640210605,False,-215.3444097519179,-64.1387397284686,0.0
120,-473.4755250732031,-169.87933751421036,False,-218.5014378341445,-65.39427986912209,0.0
121,-173.01571639471203,-44.501133002161886,False,-217.76708566719952,-65.0251864715009,0.0
122,-338.0382456773938,-75.25287977488702,False,-219.36660487431826,-65.27007806560519,0.0
123,-499.8376542140958,-172.25197666349874,False,-221.04802710971532,-66.17348817866232,0.0
124,-177.0629723506284,-8.3812702027275,False,-219.1901871863989,-65.65147863816092,0.0
125,-138.03546491965503,-31.16647375835384,False,-218.85380583662084,-65.73704361406388,0.0
126,-35.203897200228894,-7.367820652035049,False,-217.7397459970265,-65.25905805690257,0.0
127,-40.07126292994809,-24.090939770894998,False,-215.73537400777425,-64.81775765247684,0.0
128,-85.046490893937,-2.621500264312052,False,-214.13854577785892,-64.63861871222694,0.0
129,-311.9178470963484,-10.670717684675367,False,-216.42574644635562,-64.31873802359704,0.0
130,-187.60694184862245,-2.0115226104777744,False,-216.9897130301714,-63.58642301455533,0.0
131,-206.11561584900278,17.07734103437014,False,-217.07613014166446,-62.37216696700777,0.0
132,-335.0252228404121,-12.85211730198091,False,-220.55982498698776,-62.32543664059816,0.0
133,164.18457760265062,12.226131220951714,False,-217.22243041714472,-61.397109563092364,0.0
134,-98.39372757379319,5.332912490359177,False,-216.34676179790168,-60.40769390963994,0.0
135,-48.10352405818587,14.106234863264085,False,-216.08596544906246,-59.73575802058865,0.0
136,-188.76430963450878,-29.312762595005783,False,-215.6035873834679,-58.80792825885235,0.0
137,-49.12602919384833,25.96252142476047,False,-214.0044841716181,-57.62367100111569,0.0
138,-63.78424477594247,39.61461486133882,False,-211.22963673836563,-55.634234035887474,0.0
139,-59.11378030197905,22.600522383833614,False,-211.20439101832017,-54.94701704537816,0.0
140,-40.30357099718021,14.195168893406874,False,-207.20701520932224,-52.32453096992747,0.0
141,-70.26951372923646,4.24936091199485,False,-203.19043634557013,-50.174047329661924,0.0
142,-32.48221393663336,24.319947131124184,False,-199.1582371959106,-47.21235558247168,0.0
143,-29.27264657138527,37.00716944689178,False,-197.5991944045167,-45.79483356194306,0.0
144,17.2215580002279,-13.182828690032945,False,-192.69148357272036,-43.148981356464155,0.0
145,-75.19841202306658,7.643666703855883,False,-190.0467679562538,-41.76306407905132,0.0
146,-29.576771472591584,31.07954762479984,False,-187.48377198121344,-40.150244554643805,0.0
147,-59.40947511777191,20.658491410585444,False,-187.5401323786724,-39.62781806448765,0.0
148,-110.94395461188027,-41.52110854487767,False,-184.50716031395467,-38.21274488908071,0.0
149,-56.075024164777055,21.81279895953959,False,-182.67101068009345,-36.9009585629764,0.0
150,-262.73865819054885,-6.291748311086423,False,-183.37739029411486,-35.99792119377424,0.0
151,-210.83073447339785,-4.1413755815864235,False,-182.29259388837545,-34.44679356315454,0.0
152,-126.87121000796053,-9.174323018861447,False,-180.92035660602698,-33.27317316281123,0.0
153,-29.361751354243992,0.7994315637258609,False,-178.77574592312075,-32.184372316618756,0.0
154,-99.04690306405834,3.1033966952335197,False,-177.46556505152125,-31.10326410652504,0.0
155,-99.18168887284882,19.967672919503354,False,-176.2562409996972,-29.819978825349637,0.0
156,-89.14524996643405,30.59669428179793,False,-175.13652980988726,-28.81810696349653,0.0
157,-217.9236428766056,-24.81848562269968,False,-175.3666058545974,-28.09124060606007,0.0
158,-121.97991653835629,-2.900932131838426,False,-172.9097193944768,-26.821043510753316,0.0
159,-190.70064676289115,7.268097045477185,False,-171.6060614959366,-25.411909746301646,0.0
160,-108.46064921970107,-4.3223742621400705,False,-169.10503753800384,-23.8996420990691,0.0
161,-59.96512182421961,15.153392227702149,False,-165.74777304965863,-21.843142960869145,0.0
162,-106.23680528729518,7.930091437570058,False,-166.41017014272083,-21.436448192770072,0.0
163,-98.47526114341261,4.27689675168258,False,-163.84859602247795,-20.170446258955543,0.0
164,-67.57759109955019,18.819106346732887,False,-162.28386351480304,-19.130767962541388,0.0
165,-88.09329727748826,14.501683280173026,False,-159.62289586490866,-17.452243247459695,0.0
166,-115.77421597827619,-1.7442982822209316,False,-158.82231303351554,-16.53918546685017,0.0
167,-88.60587563020289,11.441472024994512,False,-157.1509584624623,-15.010491037317585,0.0
168,-104.99735985781908,6.007464377598249,False,-156.398014263997,-14.06737274531963,0.0
169,-82.46511145569343,19.57425291063531,False,-155.58192397658524,-13.116690930305255,0.0
170,-95.45311092839262,18.7633809723012,False,-154.793358960745,-12.218817716358917,0.0
171,-73.15756024958635,17.6326051080547,False,-153.56689457476853,-11.13981872561954,0.0
172,-81.84252519590196,21.972177987712712,False,-153.41854717624838,-10.754190087298962,0.0
173,-79.26050336539625,27.387985581558638,False,-152.89729878900314,-10.131365083018204,0.0
174,-37.6645165423308,-12.284826847468466,False,-151.71938460058755,-9.861468105641107,0.0
175,-88.02232895556315,11.005483973836961,False,-150.74080358615058,-9.310978633228084,0.0
176,-95.42086057872108,17.60734700476139,False,-150.12966934465362,-8.48648313838425,0.0
177,-63.6155629207412,15.075499632424757,False,-149.3906824026824,-7.853242559449217,0.0
178,-82.48042348997521,16.05782627496941,False,-148.49792402492258,-7.417834721407387,0.0
179,-37.93970502334196,-4.037582633629508,False,-147.0873623456906,-7.2328263207637455,0.0
180,-69.70476043311075,-5.308291173271728,False,-145.70227917093573,-6.889205450357427,0.0
181,-14.83139761112426,0.6928254444557798,False,-144.09671790512294,-6.74717170380796,0.0
182,-78.2043414164474,15.378142086200553,False,-143.21712523916162,-6.5124370467307555,0.0
183,-122.63568092230932,10.313258675419668,False,-142.63204398351346,-6.124769792514758,0.0
184,-73.3071553203269,20.58461728808143,False,-141.53592490023644,-5.606798809712711,0.0
185,-105.80701928093261,1.4042886875200518,False,-139.65179944760865,-5.639666407723377,0.0
186,-97.43981725071156,14.472925627895235,False,-139.17788615884615,-5.407722563385789,0.0
187,-165.45691706573217,20.684433089951185,False,-139.83798138442,-5.31997625135635,0.0
188,-78.93933580798685,24.320195193818225,False,-139.39457452764935,-5.2409869496226955,0.0
189,-102.73931944791627,8.10028921420991,False,-138.80241884086934,-5.01392326040835,0.0
190,-100.86372432683198,25.07160627752134,False,-139.14647356992498,-4.966850797020382,0.0
191,-74.93769382637481,19.664548800897457,False,-138.92033380661528,-4.9285345296949945,0.0
192,-135.96900946413214,-1.6236580908239653,False,-139.68579852821992,-5.267866037406864,0.0
193,-118.32216604461799,6.116005962543824,False,-140.11114217177592,-5.2679186815223,0.0
194,-105.05922956562078,13.108271784617639,False,-140.50495046783968,-5.370146334162476,0.0
195,-113.95756578397538,12.834848453265574,False,-141.0354775465257,-5.34817506188147,0.0
196,-96.59950606160189,16.466404098297964,False,-141.38191724528508,-5.578239951017106,0.0
197,-109.7516845293719,4.613966864654126,False,-141.44367354821566,-5.475196480849177,0.0
198,194.19073468977842,29.14057001971602,False,-138.58315701090723,-5.1867821046540765,0.0
199,-107.44392006722654,12.443832633243558,False,-138.48057884853478,-4.9849669075629075,0.0
200,-105.21473205820651,13.460443791920202,False,-138.2236554497405,-4.766021439373068,0.0
201,-76.12101699631708,8.518872758151176,False,-136.65923036342105,-4.509436704352449,0.0
202,-43.24822711775981,27.20862393579359,False,-135.9432134309781,-4.18124446219188,0.0
203,-98.29951909790196,10.789933546133943,False,-135.73781410719607,-3.708096350267379,0.0
204,-23.94797617693439,18.14606890485281,False,-133.4777757726227,-3.3457102683620183,0.0
205,-109.64239679631534,-3.5639740416244274,False,-131.54828798710173,-3.0420421424250947,0.0
206,-87.50457443809292,7.435549605645369,False,-129.99213781948404,-2.894203921676147,0.0
207,-51.152771560421954,14.270620215086888,False,-127.93604028210841,-2.4812998667585107,0.0
208,-97.07698839639622,36.31187483402341,False,-125.82503459672562,-1.5809202270167213,0.0
209,-126.64775230025401,-5.483752436950409,False,-123.45730123096523,-1.2867390076436016,0.0
210,-93.44876455474235,-4.961312493710252,False,-120.30040921338878,-1.06508953526192,0.0
211,-86.10149192300463,24.710360821132884,False,-117.18676083147379,-0.2634409275271204,0.0
212,-88.96442448837105,9.939231873262768,False,-115.81914529062371,0.25047953768366277,0.0
213,-77.97943447002724,15.676190743267021,False,-115.06467386078405,0.6125332116792754,0.0
214,-101.28808721640254,3.63281986632912,False,-113.47570416713819,0.7726965811724366,0.0
215,-154.33868293853277,27.06306193370298,False,-112.02869844114943,1.8045672038625888,0.0
216,-90.49582896722765,4.879684117284262,False,-110.94524351828979,1.8997964276222006,0.0
217,-110.57318520155631,-2.336485220578676,False,-106.16398190963075,2.3815197101798717,0.0
218,-99.6667441511764,8.157692230233023,False,-104.67518534197212,3.0772230531981846,0.0
219,-63.76943001965232,30.51567876483598,False,-103.9641424638491,3.80898316724865,0.0
220,-22.457743210511172,19.67092466887168,False,-99.4539646452222,5.704485789079471,0.0
221,-86.67479641192227,13.488697648470014,False,-98.59055544539429,6.284384095585791,0.0
222,-83.42305640460009,16.096573600239257,False,-96.04440355266635,7.197878629337052,0.0
223,-85.10717156279894,18.1410512629851,False,-91.89709872615339,9.10180890860189,0.0
224,-85.51469038066836,10.86746779616462,False,-90.98161590645378,9.294296288590813,0.0
225,-48.32982822224475,27.294006565858755,False,-90.08455953947968,9.878901091832939,0.0
226,-53.55897626787368,12.943024515485758,False,-90.26811033015615,10.082009543508148,0.0
227,-39.85853763107766,21.202993930283107,False,-90.26598307716743,10.53494888051993,0.0
228,-87.40614028837861,16.170118306185376,False,-90.28957957111184,10.722865066224903,0.0
229,-97.98837875040714,-0.5242892743873653,False,-88.15028488765243,10.824329350327782,0.0
230,-113.07722382046889,-1.18579132884976,False,-87.40498770737089,10.832586663144063,0.0
231,-74.5070240072154,11.760140279071834,False,-86.08890178895301,10.779414655591076,0.0
232,-58.73995917522153,21.838635404175935,False,-83.32604915230111,11.126322182652649,0.0
233,-99.5708316176444,8.24167688510478,False,-85.96360324450403,11.086477639294175,0.0
234,-113.4360904277936,-7.794214993646728,False,-86.11402687304405,10.95520636445412,0.0
235,11.333314199248107,0.889309967751907,False,-85.51965849046972,10.823037115498998,0.0
236,-81.71130887437079,13.340425461519843,False,-84.44912848286833,11.249568996064253,0.0
237,-57.10865597002936,20.8801960248707,False,-84.52895475063015,11.198745742065356,0.0
238,-63.02984888280609,37.740404749981586,False,-84.52141079169878,11.180003640951782,0.0
239,-34.41004275218576,30.861440830079427,False,-84.27437341620085,11.262612825414239,0.0
240,-56.996806289218625,24.487623764257673,False,-84.44130576912124,11.365537374122749,0.0
241,-57.10316957562348,40.41869265925607,False,-84.30964232758511,11.727230691595361,0.0
242,-58.95405107806988,23.26013519253704,False,-84.57436069899948,11.71663257220949,0.0
243,-84.46485550090928,10.398032458374974,False,-85.12628278829472,11.45054120232432,0.0
244,-94.06127415645824,7.65232849049664,False,-86.23911110986158,11.658892774129617,0.0
245,-76.90638600523994,13.942789140951778,False,-86.25619084968332,11.721883998500578,0.0
246,-52.075907987205944,21.79167619544917,False,-86.48118221482946,11.62900528420707,0.0
247,-77.60752172766098,18.619683210833582,False,-86.66316268092834,11.608617202209551,0.0
248,-44.77008959909193,14.581628526483485,False,-86.00142403080046,12.169644572923161,0.0
249,-45.56864229996726,23.180920276550935,False,-85.89636021215237,12.183325786093276,0.0
250,-69.30634407421245,29.15249194143894,False,-83.96203707098898,12.537768188618529,0.0
251,-53.546012572504935,18.641978880943917,False,-82.38918985198008,12.765601733243834,0.0
252,-63.104301625422146,18.188862595260225,False,-81.75152076815469,13.03923358938505,0.0
253,-97.78857364312029,11.815097141236787,False,-82.43578899104347,13.149390245160157,0.0
254,-56.4467984601464,23.20956859878456,False,-82.00978794500433,13.350451964195667,0.0
255,-35.22519882888515,31.330071170978208,False,-81.3702230445647,13.464075946710416,0.0
256,-52.400679369966596,18.586444763257735,False,-81.00277733860001,13.343973451525017,0.0
257,-59.54151278427794,19.38823318489168,False,-79.41895603767675,13.78604063960093,0.0
258,-63.389674594818985,21.265347513762325,False,-78.83305361824138,14.02770343605694,0.0
259,-57.67852841442837,29.609580473594352,False,-77.50283243475674,14.251118270338111,0.0
260,-86.92557098904479,12.16443761293796,False,-77.28748165245018,14.415986389088891,0.0
261,-52.132057273882026,20.59164898016671,False,-77.2091510069468,14.470368956613536,0.0
262,-97.70884360329771,3.312533469678414,False,-77.12387139010683,14.424193376934618,0.0
263,-45.79281160130701,25.367077429231138,False,-76.59704689468577,14.635095183710103,0.0
264,-59.7603506887376,29.611402614259408,False,-76.51887449057764,14.743018146385365,0.0
265,-73.03990267969412,26.168178022954688,False,-76.3683405445997,14.859683093813182,0.0
266,-61.00695919576465,20.379221681394547,False,-75.82066797677459,15.080918293449338,0.0
267,-86.19618118746025,18.23725357441541,False,-75.79657103234716,15.14887610894355,0.0
268,-29.194419817062496,26.67516393617574,False,-75.0385416319396,15.355553104529324,0.0
269,-90.67635298931606,9.683591019517749,False,-75.12065404727582,15.256646485618148,0.0
270,-72.56043423000595,29.587002618106663,False,-74.89172728029196,15.364882702076205,0.0
271,-100.1834686629504,0.21321714790357849,False,-75.1619863644256,15.190688822474693,0.0
272,-39.51908585178738,11.497190879663139,False,-74.73875197098445,15.085938951394198,0.0
273,-80.7551276726099,18.139430366861408,False,-74.7536982140566,14.993453399247226,0.0
274,-76.55601931925058,13.660353945840876,False,-75.1426132418258,15.25290520718032,0.0
275,-70.11331104375147,21.59730220374056,False,-74.96352306270768,15.358823389479355,0.0
276,-70.97346685430777,15.637606006785736,False,-74.71904912546354,15.339125979499597,0.0
277,-39.32888370571713,23.268935091245364,False,-74.4761823333133,15.421060334087803,0.0
278,-61.58728035499776,18.634035446753565,False,-74.26725090196352,15.446822425805646,0.0
279,-67.49720714803122,21.137578853658994,False,-74.56282592321043,15.698574040678531,0.0
280,-74.46084925565536,13.315176621529154,False,-74.61038681143586,15.884808718626541,0.0
281,-96.49240218714955,10.147255116282878,False,-75.42699685719612,15.979353015344813,0.0
282,-91.12104396954238,13.855559864551442,False,-75.55616388272706,15.96412719312832,0.0
283,-83.48858711960746,20.515212868829938,False,-75.16469294470005,16.06614673506242,0.0
284,-112.77079892406475,22.91400991694196,False,-75.55932938073742,16.089440661351027,0.0
285,-48.33924417044693,31.430074222844052,False,-74.98465162963257,16.389698516704264,0.0
286,-86.983579392741,11.995491254699314,False,-74.88008925105287,16.36492417297231,0.0
287,-68.3936006238275,25.01081984938644,False,-73.90945608663382,16.40818804056666,0.0
288,-65.26476346916243,27.2699537739609,False,-73.7727103632456,16.43768562636809,0.0
289,-48.875658934892094,30.377952654942867,False,-73.23407375811534,16.660462260775418,0.0
290,-78.49566048736186,18.39271914936051,False,-73.01039311972062,16.593673389493812,0.0
291,-102.73205314906798,5.1983838804911215,False,-73.28833671294755,16.449011740289748,0.0
292,-66.2712829164061,15.971108907359497,False,-72.5913594474703,16.62495941027158,0.0
293,-71.18516000761711,20.151474094036995,False,-72.11998938710029,16.76531409158651,0.0
294,-111.41016947933441,1.289351896308654,False,-72.18349878623742,16.64712489270342,0.0
295,-105.03432765849239,13.035249575888754,False,-72.0942664049826,16.64912890392965,0.0
296,-31.76530231944631,19.195357120544344,False,-71.44592436756105,16.67641843415212,0.0
297,-66.54339468279348,22.43775387295753,False,-71.01384146909525,16.854656304235153,0.0
298,-84.21699648350092,19.653534466678167,False,-73.79791878082807,16.75978594870477,0.0
299,-92.19004997479233,17.710325375387292,False,-73.64538007990372,16.81245087612621,0.0
300,-94.29167730620776,16.05435493140203,False,-73.53614953238373,16.83838998752103,0.0
301,-101.23589223602356,10.039267437307108,False,-73.7872982847808,16.85359393431259,0.0
302,-91.16613856411557,15.243037634548665,False,-74.26647739924437,16.73393807130014,0.0
303,-89.51353310083307,16.37918041112967,False,-74.17861753927366,16.7898305399501,0.0
304,-75.43473528633213,24.177934434505115,False,-74.69348513036765,16.85014919524662,0.0
305,-118.43922663952202,-5.98140234334731,False,-74.78145342879971,16.82597491222939,0.0
306,-96.60522750987138,9.510599743637641,False,-74.87245995951749,16.84672541360931,0.0
307,-56.54571708162025,31.379715658662025,False,-74.92638941472947,17.01781636804506,0.0
308,-104.37263482583072,7.171342060124804,False,-74.9993458790238,16.726411040306076,0.0
309,-100.34134858503363,6.059645472761817,False,-74.73628184187162,16.8418450194032,0.0
310,-64.90258007001148,18.640131715828364,False,-74.4508199970243,17.077859461498587,0.0
311,-107.28925281506469,7.807061634735996,False,-74.6626976059449,16.908826469634615,0.0
312,-76.28168024318154,26.38564773105356,False,-74.53587016349302,17.073290628212526,0.0
313,-70.81989437154829,28.01712553618777,False,-74.46427476250823,17.196699976141733,0.0
314,-85.659451411303,12.89286476914425,False,-74.30798840445723,17.289300425169884,0.0
315,-109.01760471549512,3.414917747544729,False,-73.85477762222685,17.0528189833083,0.0
316,-101.61151615749975,13.096429295904043,False,-73.96593449412957,17.1349864350945,0.0
317,-97.9301892374535,14.86318156305703,False,-73.83950453448855,17.306983102930857,0.0
318,-56.0182658695819,30.459059196044315,False,-73.4030197516726,17.52999677258897,0.0
319,-107.78614148474045,4.788883570468777,False,-73.84318686632349,17.272728820645295,0.0
320,-112.33970090436839,2.352693809099,False,-74.74200644326206,17.099546512047567,0.0
321,-87.50481198543402,20.043473248738785,False,-74.75030659899717,17.165094268050257,0.0
322,-73.6462970613996,29.00659024507328,False,-74.65253900556516,17.294194434498596,0.0
323,-64.21402442990852,22.032272908671324,False,-74.44360753423626,17.33310665095546,0.0
324,-109.68011555377076,16.028011376499393,False,-74.68526178596728,17.384712086758807,0.0
325,-80.44056178721108,23.940012357799933,False,-75.00636912161694,17.35117214467822,0.0
326,-124.20377269929467,13.164836660836968,False,-75.71281708593115,17.353390266131733,0.0
327,-106.1403507526326,0.5835003739627299,False,-76.37563521714671,17.14719533056853,0.0
328,-104.56046002207583,5.475549057105434,False,-76.54717841448368,17.04024963807773,0.0
329,-114.46043972148708,9.699379766777279,False,-76.71189902419448,17.142486328489376,0.0
330,-170.4664650899403,20.88106827956451,False,-77.2857914368892,17.363154924573518,0.0
331,-94.61809612138748,12.821552839751915,False,-77.48690215803093,17.373769050180318,0.0
332,-101.57834506444988,3.6892078120632266,False,-77.9152860169232,17.19227477425919,0.0
333,-95.2598395467757,11.84944411892519,False,-77.87217609621452,17.228352446597395,0.0
334,-92.02278983699183,6.327285845713447,False,-77.65804309030649,17.369567454990996,0.0
335,-115.20370256721694,5.22537498757189,False,-78.92341325797116,17.4129281051892,0.0
336,-122.52790757212729,1.1703477871058188,False,-79.33157924494871,17.29122732844506,0.0
337,-104.19538828530388,5.009966743959378,False,-79.80244656810147,17.132525035635943,0.0
338,-180.3760077426016,10.484811933436088,False,-80.9759081566994,16.85996910747049,0.0
339,-68.59010332635789,25.19761634141803,False,-81.31770876244113,16.803330862583877,0.0
340,-108.13485243121704,9.764312935159685,False,-81.8290892238611,16.656097754292897,0.0
341,-122.7633560657521,-3.7453167282331536,False,-82.4856910887624,16.214457660418006,0.0
342,-99.01086613907016,14.450088670989107,False,-82.88625923937241,16.126357195202527,0.0
343,-86.58455376555871,13.784475310333798,False,-82.9074562220189,16.160221623722112,0.0
344,-66.44867777929352,28.54085223107508,False,-82.63133025824726,16.369106861127896,0.0
345,-104.68184516415006,11.215160276785225,False,-82.90908484983635,16.341830572486234,0.0
346,-85.03894576281012,16.417388941952307,False,-83.23871522759238,16.288087699951266,0.0
347,-83.68825265598193,13.097913511185025,False,-83.29952253687561,16.23287000295478,0.0
348,-77.58117473293879,27.46631639331658,False,-83.62763338821406,16.36171688162311,0.0
349,-103.27991353832009,4.301003171239307,False,-84.20474610059759,16.172917710569994,0.0
350,-74.60068266552817,16.789151801860758,False,-84.25768948651076,16.04928430917421,0.0
351,-65.89203270549557,24.25901571377362,False,-84.38114968784065,16.105454677502507,0.0
352,-72.29882478954696,20.047689631667634,False,-84.4730949194819,16.124042947866585,0.0
353,-112.03802051030968,4.080448831072083,False,-84.61558938815378,16.046696464764935,0.0
354,-58.843941367623685,23.728255305190608,False,-84.63956081722857,16.051883331828996,0.0
355,-62.17591093562288,20.935435122342188,False,-84.90906793829596,15.947936971342635,0.0
356,-101.09711423946644,5.283453451866422,False,-85.39603228699096,15.814907058228725,0.0
357,-75.6879963938637,27.43820724946647,False,-85.55749712308682,15.895406798874468,0.0
358,-104.85055972389075,7.863488532529165,False,-85.97210597437751,15.761388209062137,0.0
359,-124.80613298013702,0.12067944848137603,False,-86.64338202003462,15.466499198811007,0.0
360,-85.42654944981666,19.137201059489843,False,-86.62839180464232,15.536226833276523,0.0
361,-78.86858903650337,15.248663021992146,False,-86.89575712226853,15.482796973694779,0.0
362,-95.556954630152,21.77570134994021,False,-86.87423823253708,15.667428652497398,0.0
363,-95.32972267281878,21.151185849860042,False,-87.3696073432522,15.625269736703688,0.0
364,-71.7363771689329,18.28971678840959,False,-87.48936760805414,15.512052878445187,0.0
365,-105.75654223235068,7.291539719162263,False,-87.81653400358073,15.323286495407267,0.0
366,-89.47115841863393,12.914294675257752,False,-88.10117599580941,15.248637225345897,0.0
367,-117.264159020255,-6.524698551997701,False,-88.41185577413736,15.001017704081766,0.0
368,-53.231987033532555,25.567150239619536,False,-88.65223144630207,14.989937567116204,0.0
369,-83.16036027844092,17.837961008700606,False,-88.57707151919331,15.071481267008032,0.0
370,-117.13131292215233,-2.944517619705629,False,-89.02278030611478,14.74616606462991,0.0
371,-115.08999307465025,0.10790481950162577,False,-89.17184555023178,14.745112941345887,0.0
372,-100.99880338284797,12.207176969477946,False,-89.7866427255424,14.752212802244038,0.0
373,-136.45312962935034,-13.279702436196336,False,-90.34362274510978,14.43802147421346,0.0
374,-98.90199937358648,5.437820133683698,False,-90.56708254565314,14.35579613609189,0.0
375,-131.35446160806404,-12.99358255086071,False,-91.17949405129626,14.009887288545876,0.0
376,-98.22420672509999,9.96419817441057,False,-91.45200145000418,13.953153210222126,0.0
377,-133.1885239426199,-12.703488577599801,False,-92.39059785237322,13.593428973533676,0.0
378,-99.15878566186113,7.045202573106028,False,-92.76631290544185,13.4775406447972,0.0
379,-87.5483827421169,13.580697653078321,False,-92.9668246613827,13.401971832791391,0.0
380,-99.03484551478041,12.112002393711352,False,-93.21256462397395,13.389940090513214,0.0
381,-116.57850575029866,-5.5503166704943165,False,-93.41342565960544,13.232964372645442,0.0
382,-99.56315299887987,18.317325053087455,False,-93.49784674989881,13.277582024530803,0.0
383,-111.05542014787851,3.5445578175547796,False,-93.77351508018154,13.107875474018051,0.0
384,-87.05433997068582,29.708556232975383,False,-93.51635049064777,13.17582093717838,0.0
385,-98.833244306835,8.334127182967531,False,-94.02129049201163,12.944861466779617,0.0
386,-79.18779035703382,20.075000293231856,False,-93.94333260165456,13.025656557164941,0.0
387,-135.84268148919745,-13.061988842222265,False,-94.61782341030826,12.644928470248855,0.0
388,-116.33300806756941,-1.7507084924101715,False,-95.12850585629234,12.354721847585143,0.0
389,-94.98868624853083,10.20556409970129,False,-95.58963612942871,12.15299796203273,0.0
390,-114.79435059190462,1.0095113230818387,False,-95.95262303047416,11.979165883769943,0.0
391,-120.61537118146863,-6.862997822059749,False,-96.13145621079816,11.858552066744432,0.0
392,-95.58478217578329,10.790218689487856,False,-96.42459120339191,11.806743164565717,0.0
393,-68.52312449720958,22.613744901821995,False,-96.39797084828786,11.831365872643568,0.0
394,-55.80856045243282,27.050676046557562,False,-95.84195475801884,12.08897911414606,0.0
395,-60.88038235422477,33.63242783250989,False,-95.40041530497614,12.294950896712269,0.0
396,-126.73026523680078,-10.458882611261938,False,-96.3500649341497,11.998408499394207,0.0
397,-103.05979813389787,8.42008946159359,False,-96.71522896866074,11.858231855280565,0.0
398,-71.93742768301671,19.82474638939549,False,-96.59243328065591,11.85994397450774,0.0
399,-78.27611351373919,14.095352259318217,False,-96.45329391604537,11.823794243347047,0.0
400,-68.61719808517954,24.009022062997875,False,-96.19654912383508,11.903340914663007,0.0
401,-99.319183369372,9.71152878213073,False,-96.17738203516858,11.900063528111243,0.0
402,-105.52931624319893,5.023340508301002,False,-96.32101381195942,11.797866556848769,0.0
403,-56.73322441925123,24.454742120329175,False,-95.9932107251436,11.878622173940764,0.0
404,-111.85402232187283,-2.0904419253845243,False,-96.357403595499,11.615938410341869,0.0
405,-56.85676665533663,27.41797258929819,False,-95.74157899565715,11.949932159668323,0.0
406,-82.2593307164441,14.845659994255971,False,-95.59812002772287,12.003282762174505,0.0
407,-105.53002452967188,1.2238289438496532,False,-96.08796310220339,11.70172389502638,0.0
408,-81.9484800869444,13.219707754234774,False,-95.86372155481453,11.762207551967483,0.0
409,-75.23209096099767,22.93282223705408,False,-95.61262897857415,11.930939319610404,0.0
410,-113.09493516421556,7.810118430375803,False,-96.09455252951619,11.822639186755877,0.0
411,-58.40253250495569,29.389169190272696,False,-95.60568532641511,12.038460262311244,0.0
412,-70.22899536828844,25.626698849029054,False,-95.54515847766618,12.030870773491,0.0
413,-62.812491214125274,31.897353422245608,False,-95.46508444609195,12.069673052351579,0.0
414,-102.96023208876397,0.8710686634391308,False,-95.63809225286656,11.949455091294526,0.0
415,-76.87946455484963,14.390534306031801,False,-95.3167108512601,12.059211256879399,0.0
416,-99.8643215622138,3.589903048450416,False,-95.29923890530726,11.964145994404863,0.0
417,-65.88387598720836,27.19923846975597,False,-94.9787757728048,12.08750656347185,0.0
418,-71.83909473523386,27.92857113866159,False,-95.13698406146132,12.062201682898024,0.0
419,-121.49202011003699,-11.836920159981924,False,-95.27404284771428,11.895943645593515,0.0
420,-112.86207208182635,-0.5853687050613596,False,-95.2792665594889,11.866563020451911,0.0
421,-72.18568362217113,19.617173749952485,False,-95.12607527585624,11.862300025464046,0.0
422,-87.54346223716057,10.635150424900905,False,-95.26504692761385,11.678585627262327,0.0
423,-68.4658995109578,28.566284705341168,False,-95.30756567842434,11.743925745229024,0.0
424,-126.7153642289967,-9.31852214391478,False,-95.4779181651766,11.490460410024882,0.0
425,-121.29876173452068,-12.495350540086687,False,-95.8865001646497,11.126106781046014,0.0
426,-85.43995344795952,19.188534348351652,False,-95.49886197213635,11.186343757921161,0.0
427,-62.37748267080373,27.622500511455133,False,-95.06123329131805,11.456733759296085,0.0
428,-110.71042823971838,3.328532209126739,False,-95.12273297349448,11.435263590816298,0.0
429,-103.82009259276914,17.503930849393726,False,-95.01632950220728,11.513309101642465,0.0
430,-105.59667619936394,4.5472732995616685,False,-94.36763161330151,11.349971151842437,0.0
431,-100.23418116863077,13.59990772718065,False,-94.42379246377395,11.357754700716724,0.0
432,-115.42755578604186,-1.6508216411694812,False,-94.56228457098987,11.3043544061844,0.0
433,-87.94829310704887,13.347429411589417,False,-94.48916910659261,11.31933425911104,0.0
434,-104.71226000249455,7.304549410559558,False,-94.61606380824763,11.3291068947595,0.0
435,-76.77109047576201,33.0900012057493,False,-94.2317376873331,11.607753156941277,0.0
436,-60.25612132608339,30.579438396250147,False,-93.60901982487265,11.90184406303272,0.0
437,-138.35864552384146,-13.773467522753615,False,-93.95065239725804,11.714009720365588,0.0
438,-106.65766326387966,8.584607482277873,False,-93.21346895247079,11.695007675854006,0.0
439,-120.09363896748843,2.600426588023117,False,-93.7285043088821,11.469035778320055,0.0
440,-93.66731996695034,7.523361480131456,False,-93.58382898423945,11.446626263769772,0.0
441,-121.6573558566592,-6.9710790949859245,False,-93.57276898214852,11.414368640102246,0.0
442,-74.0527837616038,17.513193621954628,False,-93.32318815837387,11.4449996896119,0.0
443,-67.83410400526459,27.41811681804541,False,-93.13568366077092,11.581336104689017,0.0
444,-98.61778989289789,2.8070767594567565,False,-93.45737478190696,11.323998349972834,0.0
445,-90.15306232833659,9.474786735700839,False,-93.31208695354883,11.306594614561993,0.0
446,-118.23003089580715,3.9704364845340905,False,-93.6439978048788,11.182125089987812,0.0
447,-60.27900741991458,29.678223654738634,False,-93.40990535251812,11.347928191423343,0.0
448,-74.99945079917094,20.974648616438547,False,-93.38408811318044,11.283011513654564,0.0
449,-87.54063183388276,11.447648604140772,False,-93.22669529613607,11.354477967983577,0.0
450,-81.42666355882426,15.766895101938402,False,-93.29495510506904,11.344255400984357,0.0
451,-86.86654234443331,19.185803147030363,False,-93.50470020145842,11.293523275316925,0.0
452,-112.31896517631046,0.0234567720609392,False,-93.90490160532603,11.093280946720856,0.0
453,-81.76262776254596,21.293826780967677,False,-93.6021476778484,11.26541472621981,0.0
454,-76.06786500841649,14.098310170072665,False,-93.77438691425633,11.169115274868632,0.0
455,-64.27067362228568,23.509316079671216,False,-93.79533454112297,11.19485408444192,0.0
456,-133.43039089641465,-0.38296119348111246,False,-94.11866730769245,11.138189937988448,0.0
457,-113.4115197021741,4.859764111359756,False,-94.49590254077555,10.912405506607378,0.0
458,-98.28355637088048,8.425363181287665,False,-94.43023250724545,10.918024253094961,0.0
459,-103.91821654148303,17.39535595040715,False,-94.2213533428589,11.09077101811422,0.0
460,-98.56935655700543,6.259807162391564,False,-94.35278141393078,10.961997079143238,0.0
461,-48.08264182302861,22.059810676454905,False,-94.04492194179603,11.030108555687866,0.0
462,-83.68479433364371,28.48243007076068,False,-93.92620033883095,11.097175842896071,0.0
463,-69.66406401789466,24.089288473367567,False,-93.66954375228171,11.126556869131145,0.0
464,-89.49956893762091,10.475272470567676,False,-93.84717566996856,11.048412425952728,0.0
465,-74.24888106224789,22.1784130532077,False,-93.53209905826753,11.197281159293183,0.0
466,-111.89141546596215,1.651269318071174,False,-93.75630162874081,11.084650905721318,0.0
467,-90.08518317278975,9.7515073359174,False,-93.4845118702662,11.24741296460047,0.0
468,-85.73149074677376,20.37050120411001,False,-93.80950690739861,11.195446474245376,0.0
469,-113.604009040672,3.7410619004890364,False,-94.11394339502091,11.054477483163257,0.0
470,-79.0624323433323,18.970609134592653,False,-93.73325458923273,11.27362875070624,0.0
471,-105.61749174714595,7.730344201209218,False,-93.63852957595768,11.349853144523316,0.0
472,-91.622537388299,15.513252943089293,False,-93.54476691601218,11.382913904259429,0.0
473,-79.5522597624577,20.392305491890095,False,-92.97575821734327,11.719633983540293,0.0
474,-123.01190619083094,19.168330638090364,False,-93.2168572855157,11.856939088584358,0.0
475,-88.4590902852798,17.19295669063489,False,-92.78790357228789,12.158804480999315,0.0
476,-107.50215633412459,7.913716476444272,False,-92.88068306837813,12.13829966401965,0.0
477,-91.3104471692987,14.696315532318305,False,-92.46190230064491,12.412297705118833,0.0
478,-204.6846999856069,13.020309764228967,False,-93.51716144388236,12.472048777030066,0.0
479,-97.66033894958834,15.671271273873128,False,-93.61828100595707,12.492954513238011,0.0
480,-96.49560171778242,15.450405268117974,False,-93.5928885679871,12.526338541982078,0.0
481,-121.60531830865956,-3.0526152441798042,False,-93.64315669357069,12.551315556245221,0.0
482,-85.9017207609789,11.358039171280835,False,-93.5065423711917,12.481722697427156,0.0
483,-114.54132795723793,9.23031398606103,False,-93.54140144928529,12.538580259112216,0.0
484,-96.9649709811673,7.299856408602664,False,-93.64050775939012,12.31449326086849,0.0
485,-76.73268892978535,28.662004513997413,False,-93.41950220561962,12.517772034178789,0.0
486,-127.78402094256971,-9.53659085596565,False,-93.90546451147496,12.221656122686813,0.0
487,-91.56577908516196,13.127306858695404,False,-93.46269548743462,12.48354907969599,0.0
488,-82.84147861462058,12.544428995169639,False,-93.12778019290512,12.62650045457179,0.0
489,-74.44102378186129,24.408356541521027,False,-92.92230356823842,12.768528378989988,0.0
490,-89.274143290922,21.575833555112332,False,-92.6671014952286,12.974191601310292,0.0
491,-98.05619517303096,14.685215175850516,False,-92.44150973514421,13.189673731289394,0.0
492,-110.15328843346579,17.26282584013102,False,-92.58719479772105,13.254399802795824,0.0
493,-79.54599353007805,20.48632281522008,False,-92.69742348804974,13.233125581929807,0.0
494,-80.46613267474727,13.257456369833644,False,-92.94399921027286,13.095193385162567,0.0
495,-108.60133164625977,26.037704031687397,False,-93.4212087031932,13.019246147154341,0.0
496,-105.37971225470133,12.601550250207957,False,-93.20770317337225,13.249850475769042,0.0
497,-96.20485950819747,20.372112072728505,False,-93.1391537871152,13.369370701880392,0.0
498,-70.48747059252437,24.99989366014652,False,-93.12465421621032,13.4211221745879,0.0
499,-90.24278404245683,18.578151385892298,False,-93.24432092149749,13.465950165853641,0.0
500,-110.37344168280389,5.137076564266487,False,-93.66188335747374,13.277230710866327,0.0
501,-118.40437980632716,-4.807743810471202,False,-93.85273532184328,13.13203798494031,0.0
502,-103.9891723490844,7.426165690049962,False,-93.83733388290213,13.156066236757797,0.0
503,-87.80775782415833,18.909810147636833,False,-94.1480792169512,13.100616917030873,0.0
504,-108.79696014331637,9.531285052362296,False,-94.11750859516562,13.216834186808342,0.0
505,-89.73666198913412,9.61963951543563,False,-94.44630754850361,13.038850856069718,0.0
506,-101.67985675107421,-3.031662773028648,False,-94.6405128088499,12.860077628396871,0.0
507,-83.82663363558503,35.38859853124543,False,-94.42347889990904,13.20172532427083,0.0
508,-102.9267166218755,10.601719978767008,False,-94.63326126525837,13.17554544651615,0.0
509,-78.67475391219148,10.714235126594634,False,-94.66768789477028,13.053359575411555,0.0
510,-99.15196923361492,16.032756971136664,False,-94.52825823546428,13.135585960819164,0.0
511,-61.35342217984636,31.39029921580774,False,-94.5577671322132,13.155597261074517,0.0
512,-52.407876074506504,24.03912327735724,False,-94.37955593927538,13.139721505357798,0.0
513,-104.6556659306102,23.06781058933772,False,-94.79798768644022,13.05142607702872,0.0
514,-74.00301131378647,18.304887164074767,False,-94.50841547869045,13.225764262035078,0.0
515,-91.42585380649041,16.214089866846336,False,-94.65387937120684,13.243999817643221,0.0
516,-91.65829068065997,14.021243612327433,False,-94.5718190623913,13.348313223281991,0.0
517,-99.1562472249482,21.3789328600575,False,-94.9045427747687,13.290110167185007,0.0
518,-104.34796709659264,7.5287310346473,False,-95.22963149838229,13.086111766144864,0.0
519,-81.73480128409007,20.84069547350633,False,-94.83205931012284,13.412887922479747,0.0
520,-79.36938340832626,17.036922397328166,False,-94.49713242338782,13.589110833503645,0.0
521,-121.64881507821931,-6.730762004353984,False,-94.99176373794832,13.325631475960579,0.0
522,-117.36729572434157,-1.494792476910633,False,-95.2900020728201,13.204332046942463,0.0
523,-129.74595848661363,-7.478832253914167,False,-95.90280266257669,12.843880877349914,0.0
524,-80.93455386618405,14.140278903656482,False,-95.44499455894855,13.078468887825625,0.0
525,-84.70690625052511,13.752583869320468,False,-95.07907600410861,13.340948231919695,0.0
526,-66.75518041731995,21.318570417022812,False,-94.89222827380219,13.362248592606406,0.0
527,-94.37710590598297,11.452296185131221,False,-95.21222450615402,13.200546549343164,0.0
528,-69.20331265965696,16.631514853424243,False,-94.79715335035338,13.33357637578614,0.0
529,-108.53172942393222,7.225396408431719,False,-94.84426971866502,13.23079103137652,0.0
530,-128.9923044164148,-4.516998654039874,False,-95.07822600083553,13.140148311840504,0.0
531,-88.65626713269876,19.837586896407643,False,-94.9624468604762,13.202525103532773,0.0
532,-69.69636481131782,15.843590068866922,False,-94.50513495072899,13.377469220633136,0.0
533,-103.6331542941904,5.968512096866252,False,-94.66198356260038,13.303680047485907,0.0
534,-94.0997507260003,9.548531026969574,False,-94.55585846983541,13.326119863650009,0.0
535,-74.90791146612855,14.28756411502006,False,-94.53722667973909,13.138095492742716,0.0
536,-77.42681877105184,18.25944470465407,False,-94.70893365418878,13.014895555826756,0.0
537,-100.6849336804355,7.055402660068483,False,-94.33219653575472,13.223184257654975,0.0
538,-114.63290778893904,12.474545797051766,False,-94.41194898100531,13.262083640802716,0.0
539,-79.99355997957537,17.25613950295231,False,-94.01094819112618,13.408640769952006,0.0
540,-87.85482028910836,13.778001006857949,False,-93.95282319434777,13.471187165219273,0.0
541,-92.28738953888755,13.313170831883344,False,-93.65912353117007,13.674029664487964,0.0
542,-107.70636022696281,5.844431601899345,False,-93.99565929582364,13.557342044287411,0.0
543,-101.32893555196631,11.425397925550502,False,-94.33060761129067,13.397414855362461,0.0
544,-115.31394850734515,3.2105908415304483,False,-94.49756919743511,13.401449996183196,0.0
545,-97.77227557754568,9.935387035616548,False,-94.57376132992721,13.406055999182351,0.0
546,-75.85252167952352,21.9293438922651,False,-94.14998623776437,13.585645073259663,0.0
547,-116.42240317510851,-4.684116172547651,False,-94.71142019531631,13.242021674986802,0.0
548,-77.41941544260878,22.25918385189943,False,-94.73561984175072,13.254867027341412,0.0
549,-121.1052569832364,5.144795618789718,False,-95.07126609324426,13.1918384974879,0.0
550,-95.45592502316478,14.34040094796812,False,-95.21155870788768,13.1775735559482,0.0
551,-82.95151652027592,15.279351979890292,False,-95.1724084496461,13.138509044276798,0.0
552,-84.14986024052848,18.506955905433085,False,-94.89071740028827,13.32334403561052,0.0
553,-80.09571829066539,17.358899796323463,False,-94.87404830556945,13.283994765764078,0.0
554,-67.0459898125997,19.92689606678997,False,-94.78382955361128,13.342280624731252,0.0
555,-100.48666354397096,8.594803262683131,False,-95.14598945282813,13.19313549656137,0.0
556,-104.2951159680397,15.796766387295522,False,-94.85463670354437,13.354932772369136,0.0
557,-119.15039728704873,0.9636091319180402,False,-94.91202547939312,13.315971222574719,0.0
558,-103.31847573352653,5.247236294369529,False,-94.96237467301957,13.284189953705539,0.0
559,-93.91301300146598,12.034038306225503,False,-94.8623226376194,13.230576777263721,0.0
560,-167.6196649359506,12.800061288673197,False,-95.55282572140885,13.295979318526538,0.0
561,-124.13816632426611,0.016518126387347776,False,-96.31338096642122,13.075546393025864,0.0
562,-125.7544813031368,-1.3810734398873135,False,-96.73407783611616,12.776911357919381,0.0
563,-108.07061981774322,20.741486257558986,False,-97.11814339411465,12.7434333357613,0.0
564,-100.38743063192592,17.23670223196266,False,-97.22702201105771,12.811047633375246,0.0
565,-89.0886655243771,17.69714233757797,False,-97.37541985567901,12.76623492621895,0.0
566,-142.39163667485712,-3.9777542360846976,False,-97.68042206776796,12.709944690677395,0.0
567,-108.38397555921506,13.058243925043852,False,-97.8634099916322,12.743012056568658,0.0
568,-123.82961074609219,8.957049137975803,False,-98.24439119162538,12.628877535907316,0.0
569,-110.41295507589851,3.7838986413149454,False,-98.21248065197764,12.629305903315574,0.0
570,-122.07742652665875,0.32297290362575204,False,-98.64263059381092,12.442829541005901,0.0
571,-107.29528358720775,10.416889453793392,False,-98.65940851221154,12.469694993531743,0.0
572,-96.9365932846398,17.144149027140816,False,-98.71254907117495,12.486003954372258,0.0
573,-143.17320466709006,-9.01491997147662,False,-99.34875852022125,12.191931699738591,0.0
574,-116.8194507740991,-1.9276194824365152,False,-99.28683396605395,11.980972198533323,0.0
575,-85.2797121391188,19.916799778760364,False,-99.25504018459233,12.008210629414577,0.0
576,-108.05422179554562,23.1804141593273,False,-99.26056083920656,12.160877606243407,0.0
577,-104.51049154143253,15.05119616113495,False,-99.39256128292789,12.164426412531576,0.0
578,-86.81429296242575,15.962706023179065,False,-98.2138572126961,12.193850375121073,0.0
579,-95.52773526329179,15.216531989971243,False,-98.19253117583312,12.189302982282051,0.0
580,-133.0089686029808,-5.8430025164084745,False,-98.55766484468509,11.97636890443679,0.0
581,-115.93868677332445,13.562309705188861,False,-98.50099852933174,12.142518153930478,0.0
582,-108.74055678345212,12.576438875838996,False,-98.72938688955647,12.154702150976059,0.0
583,-115.24319480996606,6.545876142126712,False,-98.73640555808377,12.127857772536716,0.0
584,-104.51062194269707,12.936700201375583,False,-98.81186206769904,12.184226210464445,0.0
585,-66.08025426742081,15.014735639930494,False,-98.70533772107541,12.047753521723775,0.0
586,-128.31549186405076,8.425025343866412,False,-98.71065243029021,12.227369683722095,0.0
587,-133.49122980988872,-10.261180537065712,False,-99.12990693753747,11.993484809764484,0.0
588,-129.10328463082726,-3.477558852200096,False,-99.59252499769954,11.83326493129079,0.0
589,-131.20175819888303,-1.9327439708087533,False,-100.16013234186977,11.569853926167493,0.0
590,-117.69460879776986,11.4600223256387,False,-100.44433699693826,11.468695813872758,0.0
591,-78.86066028273429,17.471450100863013,False,-100.25238164803531,11.496558163122879,0.0
592,-100.13938795919925,11.490819454700963,False,-100.15224264329265,11.43883809926858,0.0
593,-95.90675382840205,23.690228535694718,False,-100.31585024627586,11.470877156473328,0.0
594,-139.45153525481646,-19.8825023571738,False,-100.90570427207655,11.139477569203255,0.0
595,-113.4663924307496,12.706354438367773,False,-100.95435487992145,11.006164073270059,0.0
596,-121.23376158895985,4.930298130381845,False,-101.11289537326404,10.929451552071793,0.0
597,-51.84122311168288,24.72148909910129,False,-100.66925900929887,10.97294532233552,0.0
598,-105.65126355040412,3.5306571624744194,False,-101.02089693887768,10.758252957358799,0.0
599,-69.13705580249785,23.701584040971493,False,-100.80983965647809,10.809487283909593,0.0
600,-114.32105129379491,8.964086096936404,False,-100.84931575258798,10.847757379236292,0.0
601,-98.26983015470991,9.100311240455685,False,-100.64797025607182,10.986837929745562,0.0
602,-87.0089285065991,19.073960534020358,False,-100.47816781764698,11.103315878185267,0.0
603,-122.64090417953895,5.108638786575893,False,-100.8264992812008,10.96530416457466,0.0
604,-100.53368131974435,14.213721654275105,False,-100.74386649296507,11.012128530593786,0.0
605,-104.43068332828234,18.92003291958929,False,-100.89080670635656,11.105132464635322,0.0
606,-105.65289223525997,12.878221290261088,False,-100.93053706119841,11.264231305268218,0.0
607,-108.85309665036961,8.873813694415936,False,-101.18080169134626,10.999083456899923,0.0
608,-84.23890241689791,21.11416390462006,False,-100.99392354929647,11.104207896158453,0.0
609,-90.2970884057386,15.87112156580839,False,-101.11014689423196,11.15577676055059,0.0
610,-104.00921257717512,13.536086419654414,False,-101.15871932766757,11.130810055035768,0.0
611,-99.1373149035951,15.63628790892102,False,-101.53655825490506,10.973269941966901,0.0
612,-65.07662630571448,13.576526745732902,False,-101.66324575721714,10.868643976650658,0.0
613,-139.5726486736635,-9.194937811388023,False,-102.01241558464766,10.5460164926434,0.0
614,-89.98066368509299,20.348747508741997,False,-102.17219210836075,10.566455096090074,0.0
615,-130.42393848864364,-6.799073553870475,False,-102.56217295518226,10.3363234618829,0.0
616,-86.68179335547478,30.7095631729263,False,-102.51240798193041,10.503206657488892,0.0
617,-91.02859450263452,15.824386990272126,False,-102.43113145470727,10.447661198791039,0.0
618,-90.92788233871758,13.228096425168545,False,-102.29693060712853,10.504654852696252,0.0
619,-96.9512517985815,3.744154596925702,False,-102.44909511227344,10.333689443930446,0.0
620,-112.26463935501451,3.3530237589906515,False,-102.77804767174034,10.19685045754707,0.0
621,-85.46873456370652,15.995730556998469,False,-102.41624686659519,10.424115383160595,0.0
622,-86.9850328135461,23.096313785854736,False,-102.11242423748723,10.67002644578825,0.0
623,-120.02884805857686,1.9341877464113615,False,-102.01525313320685,10.764156645791507,0.0
624,-122.80830614952615,-2.262384670437603,False,-102.43399065604027,10.600130010050567,0.0
625,-101.08618025607663,11.697143513357807,False,-102.59778339609576,10.579575606490938,0.0
626,-87.73112930784612,12.585543327296492,False,-102.80754288500104,10.492245335593674,0.0
627,-72.82259483526444,22.176335645112538,False,-102.59199777429384,10.599485730193486,0.0
628,-120.27853150412955,4.520746615505967,False,-103.10274996273859,10.478378047814301,0.0
629,-110.13982195806813,9.82021498620965,False,-103.11883088807994,10.504326233592083,0.0
630,-80.3556663859004,26.574174536210094,False,-102.6324645077748,10.815237965494582,0.0
631,-134.25558298277357,-6.282992803304267,False,-103.08845766627556,10.554032168497464,0.0
632,-106.58604521635861,8.383600440743649,False,-103.45735447032594,10.479432272216231,0.0
633,-66.09811965728574,24.352325724290168,False,-103.08200412395692,10.66327040849047,0.0
634,-61.10385356919444,20.46511793707967,False,-102.75204515238887,10.772436277591572,0.0
635,-90.33140052927361,1.8218014437064254,False,-102.90628004302033,10.647778650878433,0.0
636,-84.65169844660463,2.982655117832339,False,-102.97852883977585,10.495010755010217,0.0
637,-88.38470431670424,26.63329218879725,False,-102.85552654613855,10.690789650297503,0.0
638,-61.25776537491322,27.702893631806493,False,-102.32177512199829,10.84307312864505,0.0
639,-106.30285683446048,12.863285842572123,False,-102.58486809054712,10.79914459204125,0.0
640,-79.21228858121118,19.108394483569583,False,-102.49844277346814,10.852448526808367,0.0
641,-101.58396974378681,8.902302892309844,False,-102.59140857551712,10.80833984741263,0.0
642,-125.84790971832284,10.248593705573201,False,-102.77282407043073,10.852381468449371,0.0
643,-91.20081482759497,9.653292043938531,False,-102.671542863187,10.83466040963325,0.0
644,-81.82817271895749,15.155547413387977,False,-102.33668510530313,10.954109975351825,0.0
645,-88.06242939432249,5.911809596457154,False,-102.2395866434709,10.913874200960233,0.0
646,-94.26074701579603,8.955734081936278,False,-102.42366889683362,10.784138102856943,0.0
647,-115.48360925220341,9.09836588167045,False,-102.41428095760459,10.921962923399127,0.0
648,-87.6166190662051,23.015102274455444,False,-102.51625299384055,10.929522107624685,0.0
649,-93.62811879163142,10.178851338652539,False,-102.24148161192451,10.97986266482331,0.0
650,-114.99261665187791,-2.891771511515722,False,-102.43684852821166,10.80754094022847,0.0
651,-80.11483223652253,27.0116764614752,False,-102.4084816853741,10.92486418504432,0.0
652,-101.72558530481062,14.951074767166823,False,-102.58423893601693,10.88930537366166,0.0
653,-84.70125264127832,17.190805382470383,False,-102.63029427952304,10.88762442952313,0.0
654,-103.2431725362416,7.2374225524655,False,-102.99226610675947,10.760729694379886,0.0
655,-88.33803404309016,7.348444519235736,False,-102.87077981175067,10.748266106945412,0.0
656,-97.25741843551182,12.73118044588231,False,-102.8004028364254,10.71761024753128,0.0
657,-76.04229059790369,16.90794967708133,False,-102.36932176953394,10.877053652982914,0.0
658,-135.97165472018298,-10.30909689837182,False,-102.69585355940049,10.721490321055501,0.0
659,-105.21090752692024,7.636266567793902,False,-102.80883250465504,10.677512603671184,0.0
660,-124.73782764440396,3.1959805142291606,False,-102.38001413173957,10.581471795926744,0.0
661,-82.08875083372754,14.447000772872501,False,-101.95951997683416,10.725776622391596,0.0
662,-81.82642528728704,16.568653287422027,False,-101.52023941667568,10.905273889664688,0.0
663,-91.8755121706522,34.66737961040427,False,-101.35828834020477,11.04453282319314,0.0
664,-105.24524138704282,9.552582495530286,False,-101.40686644775596,10.967691625828815,0.0
665,-75.295099489239,18.588854474887462,False,-101.26893078740459,10.97660874720191,0.0
666,-61.35428785606789,25.35942259572117,False,-100.4585572992167,11.269980515519967,0.0
667,-117.10404004216277,3.2640491086739,False,-100.54575794404616,11.17203856735627,0.0
668,-139.67004396905088,-8.376569675760567,False,-100.70416227627575,10.998702379218905,0.0
669,-100.10975921900173,24.846532522157023,False,-100.60113031770676,11.209328718027326,0.0
670,-70.43143158016939,20.918632186102535,False,-100.08467036824187,11.415285310852095,0.0
671,-127.81721581935832,-1.1234737325941835,False,-100.28988969056337,11.29988167898822,0.0
672,-154.90304316575862,10.662893065975188,False,-100.86955418937458,11.235069119376563,0.0
673,-73.73306690288109,24.422294277561342,False,-100.1751528117325,11.569441261866942,0.0
674,-68.6025587494726,19.67138281504245,False,-99.69298389148624,11.785431284841732,0.0
675,-99.75358355591584,8.617267294362868,False,-99.83772260565419,11.672435959997758,0.0
676,-107.77968668493065,11.684357854534808,False,-99.83497725454805,11.557475396949833,0.0
677,-151.178837552955,25.358524047333685,False,-100.30166071466329,11.66054867581182,0.0
678,-95.84430422029747,17.134344144118348,False,-100.391960827242,11.672265057021214,0.0
679,-98.1095515921326,16.211429407768104,False,-100.41777899053042,11.682214031199182,0.0
680,-134.39170315509645,-4.783968820994047,False,-100.43160633605157,11.692804368153327,0.0
681,-104.95956566771233,18.109679919646958,False,-100.32181512499545,11.738278070297905,0.0
682,-116.51897022966025,-0.3956097381541762,False,-100.39959925945753,11.608557584157973,0.0
683,-116.4305454550151,9.997892808239614,False,-100.41147276590802,11.643077750819105,0.0
684,-85.00457959079213,29.959620722767653,False,-100.21641234238896,11.813306956033022,0.0
685,-107.00025855070277,8.640069326237318,False,-100.62561238522177,11.749560292896094,0.0
686,-62.10563861150544,23.826285126569896,False,-99.96351385269632,11.903572890723128,0.0
687,-115.46881107922647,12.262566521953255,False,-99.78328966538969,12.12881036131332,0.0
688,-121.02236903550708,3.821865426653364,False,-99.70248050943648,12.201804604101854,0.0
689,-109.99906378002827,5.977192852468379,False,-99.49045356524792,12.280903972334624,0.0
690,-162.52766445635655,21.942541299223105,False,-99.93878412183382,12.385729162070469,0.0
691,-133.5062088304647,29.85194370408566,False,-100.48523960731109,12.509534098102698,0.0
692,-112.43920224968912,9.099927927849981,False,-100.60823775021598,12.485625182834186,0.0
693,-99.47095593192249,15.672168557227941,False,-100.64387977125119,12.405444583049515,0.0
694,-116.78170398917192,3.3735201610626446,False,-100.41718145859475,12.63800480823188,0.0
695,-132.25904953656055,-5.465111758293225,False,-100.60510802965287,12.456290146265271,0.0
696,-119.9849804304716,4.742135057721879,False,-100.59262021806799,12.454408515538674,0.0
697,-126.45412015024316,5.3637433382763815,False,-101.33874918845362,12.260831057930424,0.0
698,-112.16834915609645,8.840323474623052,False,-101.40392004451053,12.313927721051911,0.0
699,-119.3941897536746,9.499870904520767,False,-101.9064913840223,12.171910589687407,0.0
700,-96.95268021151027,13.169596914391414,False,-101.73280767319945,12.213965697861955,0.0
701,-91.00829985986933,20.698222515505993,False,-101.66019237025107,12.329944810612455,0.0
702,-139.90688581837088,6.962372446118097,False,-102.18917194336876,12.208828929733432,0.0
703,-147.45517035112312,-9.333962449120364,False,-102.4373146050846,12.06440291737647,0.0
704,-242.48986277682474,3.1394224483851745,False,-103.8568764196554,11.953659925317568,0.0
705,-158.04710677276606,12.211090942837696,False,-104.39304065410026,11.886570505550052,0.0
706,-181.43531092456658,17.0338601267681,False,-105.15086484099331,11.928126893915126,0.0
707,-137.09945248621665,-1.9092418650009086,False,-105.43332839935178,11.82029633832096,0.0
708,-37.660764105254756,24.31271210856917,False,-104.96754701623533,11.85228182036045,0.0
709,-89.81712533955248,26.525083059036387,False,-104.96274738557345,11.958821435292727,0.0
710,-141.09871734923973,-19.458729494636653,False,-105.33364243329412,11.628873276149818,0.0
711,-114.91483070180628,1.406419234615319,False,-105.49141759127622,11.486574589406759,0.0
712,-105.59075211712579,20.615668289138096,False,-105.89655884939035,11.556966004840813,0.0
713,-117.60773527064566,8.27626506644528,False,-105.67690971536017,11.731678033619144,0.0
714,-136.27760015183776,0.9555577008980611,False,-106.13987908002763,11.537746135540704,0.0
715,-112.91637808368712,-0.5628570910996014,False,-105.96480347597806,11.600108300168413,0.0
716,-64.56691692107437,24.5711032356879,False,-105.74365471163405,11.538723700796028,0.0
717,-116.61859172313952,7.347080940026981,False,-105.99955468383911,11.453950640293577,0.0
718,-150.5363922841307,-12.228448675116859,False,-106.59563978329325,11.199385189290721,0.0
719,-175.4443038491596,24.667959634494647,False,-107.38057030379902,11.408623239666413,0.0
720,-138.56397076437725,-10.505026155247352,False,-107.64356361789265,11.270042740524032,0.0
721,-131.0259797392714,-5.762326262401925,False,-108.0991360696483,11.05246217233003,0.0
722,-82.6094180319411,19.51147247925516,False,-108.05537992183224,11.016613759264033,0.0
723,-101.91611751223672,12.566627034990246,False,-107.87425261636885,11.122938152149823,0.0
724,-116.46308007087538,13.685652591389912,False,-107.81080035558234,11.282418524768097,0.0
725,-111.15468486565808,5.530535682198601,False,-107.91148540167815,11.220752446456508,0.0
726,-113.09137355563517,8.519651730525743,False,-108.16508784415605,11.180093530488797,0.0
727,-87.88105054773453,26.112374108564197,False,-108.31567240128072,11.219453915123315,0.0
728,-61.86089982362016,25.192140688521054,False,-107.73149608447562,11.426167855853466,0.0
729,-84.31221533911966,25.02943789857842,False,-107.47322001828614,11.578260084977153,0.0
730,-99.13351615324228,13.008630662819574,False,-107.66099851595956,11.442604646243247,0.0
731,-100.84945381940553,19.700790560201575,False,-107.3269372243259,11.702442479878307,0.0
732,-125.49232042524618,-2.407570175497249,False,-107.51599997641479,11.594530773715896,0.0
733,-176.97028063411992,18.697681532471393,False,-108.62472158618311,11.537984331797707,0.0
734,-83.73289034482171,21.005120803691792,False,-108.85101195393939,11.54338436046383,0.0
735,-85.7726034379455,20.168778145292762,False,-108.8054239830261,11.726854127479692,0.0
736,-112.70564392919525,-0.2547882718757062,False,-109.085963437852,11.694479693582615,0.0
737,-115.41162928818835,9.436015170733034,False,-109.35623268756684,11.52250692340197,0.0
738,-79.00500038032818,2.435851625589571,False,-109.53370503762099,11.269836503339802,0.0
739,-104.77751070504567,11.323453581102893,False,-109.51845157632684,11.25443818072511,0.0
740,-93.33873025736769,23.53602743075493,False,-109.65971599308843,11.298714510196964,0.0
741,-84.69516154353138,20.06145826770488,False,-109.49082791108587,11.410306063950914,0.0
742,-119.55209765637215,5.952378133937904,False,-109.42786979046637,11.367343908234563,0.0
743,-74.21442675422384,22.880491563535276,False,-109.25800590973266,11.499615903430529,0.0
744,-119.30669205825785,-3.223277125624389,False,-109.63279110312567,11.315827658040403,0.0
745,-101.55068808496696,16.979430734783644,False,-109.76767369003211,11.426503869423668,0.0
746,-89.69111010361799,27.351414341222362,False,-109.72197732091031,11.61046067201653,0.0
747,-98.19163478052751,13.181303772284965,False,-109.54905757619355,11.651290050922675,0.0
748,-76.07908482663073,20.345783299414908,False,-109.43368223379781,11.624596861172272,0.0
749,-82.14099278881147,19.919371618943387,False,-109.3188109737696,11.72200206397518,0.0
750,-89.0944484328689,13.259565579486686,False,-109.05982929157952,11.883515434885203,0.0
751,-113.15536492927143,14.206227711995487,False,-109.39023461850701,11.755460947390409,0.0
752,-82.00893652413511,10.895096806391994,False,-109.19306813070023,11.71490116778266,0.0
753,-108.14111177893793,14.773688048209648,False,-109.42746672207683,11.690729994440051,0.0
754,-71.83759178621088,26.92826916784341,False,-109.1134109145765,11.88763846059383,0.0
755,-111.04726605892593,8.12773391059219,False,-109.3405032347349,11.895431354507393,0.0
756,-110.87064239582604,0.9593225715852097,False,-109.47663547433804,11.777712775764423,0.0
757,-208.29026523685596,22.58167182704174,False,-110.79911522072756,11.834449997264027,0.0
758,-111.13112705855389,13.981761758044419,False,-110.55070994411128,12.077358583828191,0.0
759,-116.65704000751698,15.642210306242347,False,-110.66517126891723,12.157418021212672,0.0
760,-106.94968295757641,15.602194856702818,False,-110.48728982204895,12.28148016463741,0.0
761,-112.9447126741788,11.735972016441723,False,-110.79584944045348,12.254369877073104,0.0
762,-85.49503611815831,19.209762167808247,False,-110.8325355487622,12.280780965876966,0.0
763,-86.28223314594513,25.784280394401378,False,-110.77660275851512,12.191949973716937,0.0
764,-93.09880224420404,16.786111351687634,False,-110.65513836708674,12.26428526227851,0.0
765,-90.56889240548816,21.58697579290247,False,-110.80787629624923,12.294266475458658,0.0
766,-131.2048653058687,-4.715918688529207,False,-111.50638207074724,11.993513062616152,0.0
767,-123.40812090756388,0.07990929354105296,False,-111.56942287940123,11.961671664464827,0.0
768,-115.10080435050924,8.95556438774855,False,-111.32373048321583,12.134993005099917,0.0
769,-127.89904825932265,-1.7860885540210742,False,-111.60162337361903,11.868666794338138,0.0
770,-90.77538514813858,14.205744374249116,False,-111.80506290929874,11.801537916219601,0.0
771,-98.48865153177066,9.687113822512048,False,-111.51177726642288,11.909643791770666,0.0
772,-102.83297165725659,9.539068001977494,False,-110.99107655133787,11.898405541130687,0.0
773,-114.68149070645751,2.9177948542930485,False,-111.40056078937361,11.683360546898006,0.0
774,-138.5827300012666,-10.871622120863355,False,-112.10036250189154,11.377930497538946,0.0
775,-68.38061155483591,27.549911154776577,False,-111.78663278188077,11.567256936143085,0.0
776,-60.20206991964128,23.035762023445404,False,-111.31085661422784,11.68077097783219,0.0
777,-121.01442688073915,-0.21356575907158118,False,-111.00921250750571,11.42505007976814,0.0
778,-56.11146555292222,26.85942394425421,False,-110.61188412083195,11.522300877769494,0.0
779,-69.30001435418636,22.700875277922847,False,-110.32378874845249,11.587195336471042,0.0
780,-102.01838885391332,12.685908116854447,False,-110.00005560544065,11.761894105849528,0.0
781,-72.02149939313696,24.510758594393643,False,-109.6706749426949,11.825904892596995,0.0
782,-73.3128413706966,26.8655949429791,False,-109.23861365410527,12.098516939408333,0.0
783,-152.47896517532038,-14.212637835856086,False,-109.5990978513083,11.85641163296737,0.0
784,-117.75597932205739,5.551745404975469,False,-109.92661184862094,11.61233287978945,0.0
785,-104.89277901902413,13.321700585291921,False,-109.90553705330416,11.659149192379994,0.0
786,-132.66116259534635,-12.786698022502884,False,-110.61109229314259,11.293019360889268,0.0
787,-100.77954156358656,20.74091665761615,False,-110.4641995979862,11.377802862245899,0.0
788,-108.51781581201193,13.516980368968985,False,-110.33915406575125,11.474754011669054,0.0
789,-103.15638369245274,22.81901928826805,False,-110.27072726487548,11.643172276027052,0.0
790,-117.82145051253389,1.019237898305518,False,-109.82366512543726,11.433939242017875,0.0
791,-96.68482709952868,20.88160168824904,False,-109.4554513081279,11.344235821859506,0.0
792,-110.58823977774104,4.706741854760941,False,-109.4369416834084,11.300303961128618,0.0
793,-128.64585577820577,-3.0416348745061623,False,-109.72869068187123,11.113165926811277,0.0
794,-59.987955991376,21.160074883310166,False,-109.16075320189327,11.291031474033753,0.0
795,-88.88827531232597,28.15934331026443,False,-108.72704545965092,11.627276024719329,0.0
796,-81.94279526097363,14.120161876302927,False,-108.34662360795593,11.72105629290514,0.0
797,-110.63885752950429,11.93560317846631,False,-108.18847098174857,11.786774891307038,0.0
798,-81.46987662455737,13.306609972790406,False,-107.88148625643315,11.831437756288713,0.0
799,-117.11118274261355,4.035084896489044,False,-107.85865618632256,11.776789896208395,0.0
800,222.70917060610088,30.74138722472422,False,-104.66203767814646,11.952507799311723,0.0
801,-102.00142810426182,9.423016413679502,False,-104.7719689605904,11.839755738293457,0.0
802,-103.09016547129455,5.8038629868215414,False,-104.40380175711964,11.828170643700492,0.0
803,173.3686138381782,27.427066260395627,False,-101.19556391522661,12.195780930795651,0.0
804,-94.80795675674125,3.2455312745418134,False,-99.7187448550258,12.196842019057216,0.0
805,-4.95829755061115,20.912183795086293,False,-98.18785676280422,12.283852947579703,0.0
806,-98.02675301539132,13.892402502128325,False,-97.35377118371247,12.252438371333305,0.0
807,231.29466787682662,24.637622379449176,False,-93.66982998008206,12.517907013777808,0.0
808,-83.84942163334647,5.44738717479772,False,-94.13171655536294,12.329253764440093,0.0
809,-106.07247754363037,6.503927591748855,False,-94.29427007740372,12.129042209767217,0.0
810,-114.41295036985316,-0.03505939517704467,False,-94.02741240760986,12.323278910761813,0.0
811,-84.74754623081714,9.339494078258303,False,-93.72573956289996,12.402609659198243,0.0
812,-77.22562412538598,16.35929552326271,False,-93.44208828298257,12.360045931539487,0.0
813,173.80992685351544,28.387578339647536,False,-90.52791166174096,12.56115906427151,0.0
814,-77.78170212279014,19.89822344596664,False,-89.94295268145048,12.750585721722196,0.0
815,-60.22688301387748,16.386997250877272,False,-89.41605773075239,12.920084265141963,0.0
816,-146.05802100458894,24.829656453264946,False,-90.23096877158754,12.922669797317734,0.0
817,-71.40399380609735,16.303238787183112,False,-89.7788227924171,13.012231375789296,0.0
818,-67.99534764760594,24.21533432371698,False,-88.95341234605188,13.376669205777636,0.0
819,60.02503753361086,33.55326451732051,False,-86.59871893222416,13.465522254605894,0.0
820,-65.24802522485473,23.368070612120242,False,-85.86555947682895,13.80425322227957,0.0
821,-97.67950758868389,12.891482219054243,False,-85.53209475532304,13.99079130709413,0.0
822,-26.39631151426121,23.545410144816895,False,-84.96996369014627,14.03113068374975,0.0
823,-104.04837063233002,5.7637897725678116,False,-84.99128622134722,13.963102311125526,0.0
824,-99.95358265212101,4.560423210090202,False,-84.82619124715964,13.871850017312532,0.0
825,-37.39984465116347,23.89422550246528,False,-84.08864284501469,14.055486915515198,0.0
826,-102.421467248722,6.219548531139651,False,-83.98194378194556,14.032485883521337,0.0
827,212.0719146864409,18.72047910243618,False,-80.98241412960382,13.958566933460059,0.0
828,-116.02995943180377,3.1108014151384156,False,-81.52410472568565,13.737753540726233,0.0
829,-73.74278242395357,28.774460766560495,False,-81.41841039653401,13.775203769406051,0.0
830,-69.03217878354192,26.620378761581733,False,-81.117397022837,13.911321250393671,0.0
831,-83.0577241994565,16.687894590050668,False,-80.93947972663752,13.881192290692162,0.0
832,-63.894602696620424,10.465295694787052,False,-80.32350254935125,14.009920949395006,0.0
833,-36.12673923558154,17.333842437121465,False,-78.91506713536586,13.99628255844151,0.0
834,-109.12346483483044,-7.733351130819753,False,-79.16897288026594,13.708897839096391,0.0
835,-79.514519695282,8.061385609599537,False,-79.10639204283932,13.587823913739458,0.0
836,-55.15700955146028,23.09226338569442,False,-78.53090569906196,13.821294430315158,0.0
837,-78.25817700422246,22.50908698008648,False,-78.15937117622231,13.952025148408692,0.0
838,-36.10149400318186,24.48833874129661,False,-77.73033611245083,14.172550019565763,0.0
839,-77.01515742189893,17.53926656081067,False,-77.45271257961937,14.234708149362842,0.0
840,-106.58615424857699,5.548078471642087,False,-77.58518681953147,14.05482865977171,0.0
841,-79.97512081146877,13.302901460359706,False,-77.53798641221084,13.987243091698257,0.0
842,-89.26098596484144,10.104646312648413,False,-77.23507529529553,14.028765773485363,0.0
843,-75.05279678971675,33.126617456670076,False,-77.24345899565046,14.131227032416714,0.0
844,45.391277000850465,30.46146588139379,False,-75.59647930505939,14.468074462486893,0.0
845,-49.61966779660398,30.445771979603595,False,-75.07716910217577,14.602737874935094,0.0
846,-101.10084467775806,2.40660313456297,False,-75.19126644791714,14.353289762868503,0.0
847,-71.90461852906543,39.66459755707779,False,-74.92839628540253,14.61812270071643,0.0
848,-53.33841500964406,27.64138864069901,False,-74.70098958723266,14.691078754129272,0.0
849,-8.33261210736968,30.331980865268307,False,-73.96290578041825,14.79520484659252,0.0
850,-68.69988557602328,22.457284049178963,False,-73.75896015184979,14.887182031289445,0.0
851,-126.02498269898324,-18.488900206604743,False,-73.88765632954691,14.560230752103442,0.0
852,-65.67055540624486,23.675614489785332,False,-73.72427251836801,14.688035928937374,0.0
853,-14.863595291478148,40.460650859115844,False,-72.79149735349341,14.944905557046436,0.0
854,-81.60079106187884,13.180294520244576,False,-72.88912934625009,14.80742581057045,0.0
855,-62.608251417942725,30.249748457873782,False,-72.40473919984026,15.028645956043265,0.0
856,-77.39474405490603,19.887811895813755,False,-72.06998021643106,15.21793084928555,0.0
857,-55.32670019949867,16.657836579706704,False,-70.5403445660575,15.158692496812199,0.0
858,-73.43908442651843,21.347913355893166,False,-70.16342413973713,15.232354012790683,0.0
859,-77.70588277069541,13.46256156156503,False,-69.77391256736891,15.210557525343914,0.0
860,-117.84125818255018,33.52401157242432,False,-69.88282831961865,15.389775692501127,0.0
861,-77.82370564186076,20.854069366575416,False,-69.53161824929548,15.480956666002465,0.0
862,-64.78797797973118,27.781362407405542,False,-69.3245476679112,15.56667266839844,0.0
863,-164.16043495199267,12.797065078230501,False,-70.10332968597169,15.43680051523673,0.0
864,13.18182581489095,19.149615886627902,False,-69.04052340538074,15.460435560586134,0.0
865,-116.60194020086855,-2.7779394319461166,False,-69.30085388333454,15.216786408337645,0.0
866,-67.46091678582331,17.328985035753274,False,-68.6634143981341,15.43723544558047,0.0
867,-76.33319194721412,19.402165715843054,False,-68.19266510853058,15.630458009803492,0.0
868,-19.62421798508787,32.46404221356286,False,-67.23789924487636,15.865542788061632,0.0
869,-75.63759772431166,14.533549846640858,False,-66.71528473952625,16.028739172068253,0.0
870,-131.13926312061392,41.740639684494596,False,-67.118923519251,16.304088125170708,0.0
871,-82.08765512224528,16.57674528272184,False,-66.95491355515576,16.372984439772807,0.0
872,-90.03596389554126,6.977828751848657,False,-66.8269434775386,16.347372047271516,0.0
873,-83.66741484272252,22.034941894594986,False,-66.51680271890126,16.538543517674537,0.0
874,-64.6910371831682,12.789090283979077,False,-65.77788579072028,16.77515064172296,0.0
875,-71.60156148859872,22.254234126823572,False,-65.8100952900579,16.72219387144343,0.0
876,-104.56344090813636,-5.368180791210406,False,-66.25370899994286,16.438154443296874,0.0
877,-85.28998463965249,13.114636701554586,False,-65.89646457753197,16.571436467903133,0.0
878,-93.13160805272368,20.029549510389298,False,-66.26666600253,16.503137723564485,0.0
879,-82.43073312068573,21.323243502184727,False,-66.39797319019499,16.489361405807106,0.0
880,-50.683289120295946,41.39333181495661,False,-65.88462219285881,16.776435642788126,0.0
881,5.299604161874594,41.32939502007916,False,-65.11141115730871,16.94462200704498,0.0
882,-74.38541569923079,19.224916820086847,False,-65.12213690059403,16.86821522581606,0.0
883,-95.80645919913286,9.357690018497195,False,-64.55541184083216,17.10391850435959,0.0
884,-68.67112721159437,19.14130324781441,False,-64.06456331972754,17.239814082787984,0.0
885,-90.45726692118293,25.744266116869287,False,-63.92020819874912,17.364039738103756,0.0
886,-94.73455830089779,-1.106730801751304,False,-63.54094215580464,17.48083941031127,0.0
887,-108.81227306671782,-4.684374083256294,False,-63.62126947083596,17.226586502902546,0.0
888,-62.661616194447774,17.828512333103646,False,-63.162707474660294,17.269701822543894,0.0
889,-97.33526956369748,8.765230464263169,False,-63.104496333372744,17.129163934303843,0.0
890,-85.93879564583267,15.0072716818228,False,-62.78566978470575,17.269044272139016,0.0
891,-34.10388615556011,34.10047548897945,False,-62.159860375266064,17.401233010146324,0.0
892,-58.67507695676188,21.430680724344896,False,-61.64072874705626,17.56847239884216,0.0
893,-24.15941300243223,32.613052569611334,False,-60.595864319298514,17.925019273283336,0.0
894,-67.48484981011767,26.37212702518833,False,-60.67083325748594,17.97713979470212,0.0
895,-26.31553474667771,31.967394992671924,False,-60.045105851829454,18.015220311526193,0.0
896,-94.28190328611414,17.90872123028737,False,-60.16849693208087,18.053105905066037,0.0
897,-54.044370019330316,26.85471375299016,False,-59.60255205697912,18.202297010811275,0.0
898,-68.72488773235716,16.38194665023801,False,-59.47510216805712,18.23305037758575,0.0
899,-21.385373520987766,44.773147833914166,False,-58.51784407584087,18.640431006960004,0.0
900,-111.43646350421533,1.2803673799007143,False,-61.85930041694403,18.34582080851177,0.0
901,123.36903509066924,52.55910717645388,False,-59.60559578499473,18.77718171613951,0.0
902,-60.698047533372325,23.148227000511998,False,-59.181674605615505,18.950625356276415,0.0
903,-115.51250588750666,-1.1653656798014262,False,-62.07048580287235,18.664701036874444,0.0
904,-63.76542998388358,24.231804614088862,False,-61.760060535143765,18.874563770269916,0.0
905,-160.78951461236042,45.10283867445503,False,-63.318372705761256,19.116470319063602,0.0
906,-39.20024288320006,34.23575894467532,False,-62.73010760443935,19.319903883489072,0.0
907,-75.20305458287935,22.774880149791056,False,-65.7950848290364,19.30127646119249,0.0
908,-33.87668884632447,20.065369661694948,False,-65.2953575011662,19.447456286061463,0.0
909,-50.551886426380676,14.142724213469734,False,-64.74015158999369,19.52384425227867,0.0
910,-123.92887786707833,-18.504018243123493,False,-64.83531086496593,19.33915466379921,0.0
911,-69.19651292629176,7.187514392899984,False,-64.67980053192068,19.317634866945628,0.0
912,-107.09758436021411,1.2966823648026606,False,-64.97852013426896,19.167008735361026,0.0
913,-27.382608084740717,24.177621476688497,False,-66.99044548365153,19.124909166731435,0.0
914,-82.78918886200145,17.974680246291012,False,-67.04052035104365,19.10567373473468,0.0
915,-64.02461277988786,31.953617946242833,False,-67.07849764870375,19.26133994168833,0.0
916,-73.26171521519908,9.532333259410777,False,-66.35053459080986,19.108366709749788,0.0
917,-153.9352595215151,14.995539505323054,False,-67.17584724796403,19.09528971693119,0.0
918,-57.25184170664323,17.427918979655217,False,-67.0684121885544,19.02741556349057,0.0
919,-41.624904912139336,30.942919071070712,False,-68.0849116130119,19.001312109028078,0.0
920,-148.89488291994977,17.899228016930145,False,-68.92138018996286,18.946623683076176,0.0
921,-58.38353772546918,18.452282191255566,False,-68.5284204913307,19.00223168279819,0.0
922,-123.05364650462002,18.46806499677553,False,-69.4949938412343,18.951458231317776,0.0
923,-99.6634689280431,31.26662550950849,False,-69.45114482419143,19.206486588687184,0.0
924,-154.6936307530222,15.956033484712979,False,-69.99854530520044,19.32044269143341,0.0
925,-16.301587859297445,37.46714615430727,False,-69.78756273728177,19.45617189795183,0.0
926,267.8928958879213,30.75530204370039,False,-66.08441910591534,19.701529433077436,0.0
927,93.16046259342444,26.681431861806242,False,-67.27353362684552,19.781138960671136,0.0
928,163.2040389455188,17.30252491197887,False,-64.48119364307229,19.923056195639543,0.0
929,-220.2419177380641,0.5779251719830547,False,-65.94618499621339,19.641090839693767,0.0
930,-40.553046119199955,32.726595726719964,False,-65.66139366956997,19.702153009345153,0.0
931,-280.88829950567504,-0.57678753463776,False,-67.63969942263216,19.529506188098267,0.0
932,-59.05723435752098,36.259072698579416,False,-67.59132573924117,19.787443958136187,0.0
933,-58.056762187145836,8.718725167375093,False,-67.81062596875681,19.701292785438724,0.0
934,-88.35117858698888,28.1414640797739,False,-67.60290310627839,20.06004093754466,0.0
935,-102.09709681949649,30.79464109807637,False,-67.82872887752053,20.287373492429435,0.0
936,-216.48284996769934,-5.215993282552497,False,-69.44198728168293,20.004290925746965,0.0
937,-18.425900646596602,37.28679091393142,False,-68.84366451810666,20.152067965085408,0.0
938,-188.74976126149988,-4.290713924439896,False,-70.37014719068983,19.864277438428047,0.0
939,-83.30408256918233,27.441623921082506,False,-70.43303644216269,19.96330101203076,0.0
940,-108.5624068810806,15.567747135223929,False,-70.45279896848771,20.063497698666584,0.0
941,-130.7831890553501,18.260441126133355,False,-70.96087965092653,20.11307309532432,0.0
942,-144.02889229987125,15.868101057211728,False,-71.50855871427683,20.170707642769955,0.0
943,-312.6917965923085,-13.403567905746156,False,-73.88494871230274,19.705405789145793,0.0
944,-79.45501870008752,6.9344094792358755,False,-75.13341166931212,19.470135225124213,0.0
945,-60.02203225601746,25.117241996316775,False,-75.23743531390626,19.416849925291345,0.0
946,-161.2575593371028,9.98460187466832,False,-75.83900246049971,19.492629912692397,0.0
947,-127.84230237079561,36.401447805206786,False,-76.398379298917,19.459998415173683,0.0
948,-134.6391926515176,22.626440771463606,False,-77.21138707533574,19.409848936481332,0.0
949,-145.32266848900386,9.168168875290837,False,-78.5812876391521,19.198210816581557,0.0
950,-148.69113791919185,30.19395400942864,False,-79.38120016258377,19.275577516184054,0.0
951,3.94362634811508,42.46381597552681,False,-78.0815140721128,19.88510467800537,0.0
952,-141.35613516492933,-33.61266647234458,False,-78.83836986969963,19.31222186838407,0.0
953,-78.88242306616267,14.099983630543933,False,-79.47855814744648,19.04861519609835,0.0
954,-116.19971613485028,24.28899569366875,False,-79.82454739817621,19.15970220783259,0.0
955,-75.65144660866974,21.451539344958192,False,-79.95497935008346,19.07172011670344,0.0
956,-87.88843964632132,7.126789608356711,False,-80.05991630599762,18.944109893828866,0.0
957,-81.28924059226065,17.66166369482084,False,-80.31954170992522,18.954148164980005,0.0
958,-95.32586213907882,14.181076001870514,False,-80.53840948705083,18.88247979143978,0.0
959,-4.031312704650566,29.577597109789057,False,-79.80166378639038,19.04363014692202,0.0
960,-94.63755353187766,9.777064410013294,False,-79.56962673988365,18.80616067529791,0.0
961,-83.81835864588835,17.38612592462377,False,-79.62957326992394,18.771481240878394,0.0
962,-68.92998607663404,12.175767942411508,False,-79.67099335089297,18.61542529622845,0.0
963,-19.81725150107204,28.017383442775248,False,-78.22756151638377,18.7676284798739,0.0
964,-164.22681385634417,10.968086173876385,False,-80.00164791309611,18.685813182746386,0.0
965,-31.98224941024547,20.72324393580211,False,-79.15545100518989,18.920825016423873,0.0
966,118.04266051810015,21.133297763030946,False,-77.30041523215066,18.958868143696645,0.0
967,-93.74740223634376,7.827127128260639,False,-77.47455733504195,18.84311775782082,0.0
968,-247.36889760113232,10.921996582737163,False,-79.7520041312024,18.627697301512566,0.0
969,-169.23376703817297,36.36688605834128,False,-80.687965824341,18.846030663629566,0.0
970,-85.40927219010635,41.376914067473386,False,-80.23066591503593,18.842393407459355,0.0
971,-59.05678592077922,31.057272622626947,False,-80.00035722302127,18.98719868085841,0.0
972,-89.33498921789402,30.29902649652705,False,-79.9933474762448,19.22041065830519,0.0
973,-73.99325778699065,22.746224156600434,False,-79.89660590568748,19.227523480925242,0.0
974,-84.68057873651247,14.675998035701992,False,-80.09650132122093,19.246392558442473,0.0
975,-108.67337405285237,8.678454538381597,False,-80.46721944686345,19.110634762558053,0.0
976,-83.54057692223023,17.96010056661281,False,-80.25699080700439,19.34391757613629,0.0
977,-259.8699574251414,28.749658751678073,False,-82.00279053485929,19.500267796637523,0.0
978,-61.02213265274155,19.358589679975246,False,-81.68169578085946,19.493558198333382,0.0
979,-101.99564573117652,2.221677719745424,False,-81.87734490696437,19.302542540508988,0.0
980,-88.01913275512725,4.300514411428293,False,-82.25070334331267,18.931614366473706,0.0
981,-92.26687961328544,13.470322494552205,False,-83.22636818106429,18.65302364121844,0.0
982,-67.02675024571444,22.191289574419024,False,-83.15278152652911,18.68268736876176,0.0
983,-44.527978043670636,30.84966138497179,False,-82.6399967149745,18.897607082426504,0.0
984,-88.86783512908859,13.019918281768314,False,-82.84196379414945,18.836393232766042,0.0
985,-138.61880567871458,-14.14182843801869,False,-83.32357918172474,18.437532287217163,0.0
986,-106.31201315549507,47.79586778972862,False,-83.43935373027072,18.92655827313196,0.0
987,-52.586111935911134,27.101212211358213,False,-82.87709211896266,19.244414136078106,0.0
988,-97.56347174478282,15.572003428358624,False,-83.22611067446601,19.22184904703066,0.0
989,-51.68851778903813,22.44627763609217,False,-82.76964315671941,19.358659518748947,0.0
990,-128.05481329153116,-11.86048084457483,False,-83.1908033331764,19.08998199348497,0.0
991,-66.49341594585829,20.7867348804324,False,-83.5146986310794,18.9568445873995,0.0
992,-26.555015367093883,36.34840834583714,False,-83.19349801518273,19.106021863614423,0.0
993,-94.8545701382205,5.740259053728353,False,-83.9004495865406,18.837293928455594,0.0
994,-47.40671886834904,13.321424581910614,False,-83.69966827712291,18.706786904022817,0.0
995,-45.465586698658406,16.922088006693514,False,-83.8911687966427,18.556333834163027,0.0
996,-45.29896778195186,25.056480709244823,False,-83.40133944160107,18.627811428952604,0.0
997,-73.39283946993332,17.476285114862886,False,-83.5948241361071,18.534027142571333,0.0
998,179.60844448794984,38.41499851267937,False,-81.11149081390404,18.754357661195744,0.0
999,-33.47755437249707,28.48181185607812,False,-81.23241262241915,18.591444301417383,0.0
1000,-47.63755669485841,-0.8211101489224788,False,-80.59442355432556,18.57042952612915,0.0
